,store_id,store_name,genre,rate,review_cnt,review
0,00001,サンルーカルバー,神楽坂駅 86m / バー,4.34,163,神楽坂にある小さなバー。14時営業開始。食べログバー部門全国1位。非常に居心地がよかったです。良心的価格で超オススメ。今調べたらオーナーの新橋さんは「銀座テンダー」という老舗バーの名物バーテンダーだったらしく、10年前に独立したそうです。あらゆる大会を総なめして世界大会で優勝した超大物らしい。全然知らずに来店したのですが、彼の接客は丁重かつ低姿勢で良い意味で大物感が全然なく、一見の僕でも色々おしゃべりを楽しむ事ができました。平日14時過ぎに来店。カウンターは計4名で満席。カクテル初心者の僕は全てを新橋さんにおまかせしたら、好みを色々聞かれて3種類カクテルを作ってもらいました。「ブンタン1個を目の前で生絞りしたフルーツカクテル」「ホワイトレディ」「ジャックローズ」の3つに、テーブルチャージ1000円を合わせて、税込5300円！安すぎてビビったｗｗ僕以外の3名は新橋さんに顔を覚えられてる常連さん。安くて居心地いいから常連がつくのは当然だね。昼からこういうバーで飲み慣れてる人達だから、客層も非常に良かったです。「神楽坂」という場所も、六本木・麻布etcと比べて客層が良さそう。おそらく退店待ちの予約電話が数件かかってきてたけど、急いで追い出すような雰囲気は全くなく、ゆっくりお酒を楽しめました。僕はカクテルを飲んだ経験がほぼ0だからよくわからんけど、氷が細かく砕かれたカクテルはどれも非常に美味しかったです。いつまでも続いてほしい店。
1,00001,サンルーカルバー,神楽坂駅 86m / バー,4.34,163,緊急事態宣言の解除後に伺いました。長いお休みでサンルーカルバーでお酒を頂きたいと言う禁断症状が出ておりましたので、僅かな時間しかありませんでしたが足が勝手に神楽坂に向かっていました。店内はきっと同じ事を思っているお客さんで一杯でした。カウンターの端に腰を下ろして先ずは一杯。・ ドライマティーニ五臓六腑に染み渡るとは正にこの事ですね。美味しいです。・ ロイヤルハウスホールド ソーダ割りなぜでしょう。家で頂くソーダ割りと味に違いがあります。もちろん、バーで頂くとより美味しく感じます。滞在時間は15分ほどでしょうか。心は充分満たされました。
2,00001,サンルーカルバー,神楽坂駅 86m / バー,4.34,163,Instagram (bottan222)ーーーーーーーーーーーーー2021/06　２ヶ月ぶりの ”サンルーカル バー” さん、前回、伺ったのは緊急事態宣言が出される前日の４月２４日です、今日は解除されてから１週間経ちました、レ・ピコロさんで食事が終わったのが１８時２０分、上手くすれば１杯だけ飲めるかもと伺いました。”サンルーカル バー” さんに着いたのが丁度ラストオーダーの１８時半、滑り込みセーフでした(笑)、久しぶりですので夫婦揃って 「ギムレット」 をお願いしました。やっぱ、新橋さんの作る 「ギムレット」 は美味しいですね、涙が出るぐらい嬉しいですね、これからもこのギムレットを飲めることを願うばかりです。おっと、１９時が近づいてきました、この辺で失礼しましょう、今度は１５時ぐらいに伺って３～４杯は頂きたいですね、今日もありがとうございました、また伺います。
3,00001,サンルーカルバー,神楽坂駅 86m / バー,4.34,163,初訪2年位前にTV番組で紹介されていた際にBM。何時かは訪問してみたかったバー...【4.34：2021Mar】は全国ブッチギリのTop Barとなります。地下鉄東西線「神楽坂駅」から30歩位。開店時間の1400にお邪魔してみました...同時に入店されたのは、常連様と思える2名様。店内、直線カウンター：4席（通常は8席？）、テーブル：4席x1 の設定をマスターとお弟子さんの2名体制で、意外とコジンマリ...昼間という事もあり1Fの店舗は、バーとしては明るくカジュアルな感じ。女性のお一人様でも入りやすそうです。開店の30分前にTEL予約した事もあり、カウンター中央席（マスターの所作が50cm以内の近さで拝めました...）のアリーナ席へ通されました。頂いたのは、・マンハッタン・マティーニ2杯ともマスターに作って頂きました。恐縮です...頂いた所感は、【マンハッタン】・bitter系の隠し味は無しで、ウィスキー+ベルモットのみのシンプルな組合せ。・所作は全体的に流れるようで、ボトルを扱う姿が特に美しく感じます。・口の中で、甘味~苦味に変化して華やかな感じ。・感想を申し上げたところ、隠し味を入れると味に輪郭が出来てしまうとの事で、マスターの求めるのは「味わいの広がり」との...・見事にマスターの術中に嵌ってしまったようですが、記憶に残る7杯目のマンハッタンとなりました。【マティーニ】・マンハッタンを頂いている際に、マスターとの会話の中でマティーニの話があったので2杯目もスタンダード系をお願いです。・マンハッタン同様、甘味~苦味に変化していきますが、ベースがジンになる事で力強い風味になります。・あまり呑まないカクテルなので、比較対象は殆どないですが、マンハッタンとの呑み比べの組合せは改めて面白いかも？と思った次第...退店1530、残3組4名様。お会計は4千円切りでした。銀座や北新地より2-3割位安いですね...初心者ながら、Top  Bar たる所以を自分なりに感じたのは、※ カクテルの味わい+マスターの所作は勿論ですが、・基本、マスターが店舗にいらっしゃり、カクテルを作ってくれる。・店舗の規模もありますが、スタッフと客との程良い距離感。・オーセンティックでありながら、明るい開放感の意匠。・リーズナブルなお値段設定なのでしょうかね？2杯目にマティーニを頂いた事もあり、銀座の名門バーへ思いつきで行ってしまいます...
4,00001,サンルーカルバー,神楽坂駅 86m / バー,4.34,163,神楽坂駅の目の前、PM2:00から開いてる「Sanlucar BAR」虎白の後、神楽坂を少し登る途中に電話連絡を入れて、カウンター席１名分に潜り込みました。バーテンダー世界チャンピオンの新橋さんが振る昼飲みの聖地へ開店と同時に先頭で入店、凜とした所作のマスターを凝視しちゃいました(^^;正に学生の頃から社会人数年迄は、自分でシェーカーや機材を用意してカクテルを作っていたので使う酒から調合から振り方まで気になります。カウンター５席テーブル１卓は程なくして満席。◇アレキサンダーミルクや卵黄を使ったカクテルは、使う素材や振り方で雲泥の差が有ります。新橋さんの振り方は教本に有る様な八の字では無く、意外と直線的な動きですが振りの途中、微妙にシェーカーの底を上下させて直線的に見えて中身は八の字に振れているそして氷の砕け方と気泡の入り方が芸術的で・・1～2mmの氷の粒が均一に表面に浮いています。ヘネシーをメインにした強めのカクテルですが、途方もなく滑らかな味そしてこちらの方は全く計量カップを使わない、お客の様子を見て配合を変えている様子そして振っている時のマスターがシェーカーを凝視する眼光の鋭さと普段の物腰の柔らかさは必見◇ホワイトレディーこちらの真骨頂と言えるカクテルです。◇アブサンの水割りニガヨモギを使うアブサンは麻薬物質が配合されているので、一時期販売禁止になりましたが製法が改良されて近年、再販されていると聞いていたので・・試しに頼んでみました。奥の方から出て来ましたが、出てきた物は元祖スイス製でした。以前有った合成では無いので・・あのオパール色の水割りが楽しめます。オールドファッションドグラスにアブサンを注ぎ、穴の開いたスプーンに角砂糖の小片を配置ミネラルウオーターで少し湿らせた後・・溶け始めた砂糖と一緒に少しずつ注ぎきります。緑色に透き通ったアブサンは、次第にオパール色を帯びてきて、丁度傾いてきた太陽光線に照らされて綺麗微妙にステアしながら完成。　そーする事で最初の飲み口と後半で味の変化も楽しめます。店に入った途端、Bill Evans Trioが流れていた時点で・・ここは俺の店だ。　凄く良いでもシガーが吸えないBARって何だか寂しい。
5,00001,サンルーカルバー,神楽坂駅 86m / バー,4.34,163,オーセンティックバーを始めとした名店と言えるバーの多い神楽坂界隈にあって、名実ともにナンバーワンと言えるオーセンティックバー。世界大会で優勝した日本プロバーテンダー協会の幹部も務めるオーナーバーテンダーが、師匠の銀座名店バーから独立してこの店を開業してから今年で10年。昼の14時から営業し23時には閉店する斬新なスタイルを世に出したバーとして、新しいバー文化の発信拠点にもなっている店。
6,00001,サンルーカルバー,神楽坂駅 86m / バー,4.34,163,最近BSで映画「カサブランカ」を見た。伝説にもなった名セリフも。その中の「君の瞳に乾杯」。ハンフリー・ボガードが。美人女優のイングリッド・バーグマンに。臆面も無くつぶやく。このセリフは映画で何度か登場。今ではキザの代名詞にも。原語はCheers! Looking at you、kids。瞳とは言っていないが。Kidは子供ではなくて。娘＝お嬢さんと言う意味だろう。雰囲気を盛り上げるために。瞳と訳した。実際カクテルにはムーディーな。演出効果がある。カクテルを飲むのであれば。許されるセリフ。カクテルに集中していると。静かに時が流れる。彼はシェイクの時だけはハード。物腰は極めてソフト。この空間に惚れる人達が多い。聞こえる曲はメロウで情感。早い午後にしてはムーディな歌声。すっきりとした、まるでプライベートバー。帳が降りれば誰かしら。君の瞳に乾杯と言うだろう。○かぼす、モスコミュール○マティーニ
7,00001,サンルーカルバー,神楽坂駅 86m / バー,4.34,163,"twitter ID :  jigenace777Instagram ID : jigenace777 高円寺で昼飲みの後、「ジゲンさん、サンルーカル行ってみませんか？」「？　神楽坂？」「そうそう」「もうヘロヘロだけど、一杯なら。。。というか、予約できないよね？」「そうなんですよね。行き当たりばったりで席が空いていればラッキーですね」「東西線一本で行けるから、トライしてみましょうか？」銀座の老舗オーセンティックバーTENDER出身のマスターが営む当店。予約不可かつ人気店なので、なかなか席が確保できない一軒です。この日は運良くテーブルが空いていました。ラッキー！オーセンティックバーとしては比較的明るい店内。カウンター7席、テーブル1卓。コロナ対策に、現在カウンターは5卓にしています。バックバーには一般的な酒が並んでいます。◆ベリーニ (2,000円 税込)この日、果物は何があるか尋ねたら「桃があります」とのことでしたので、さっぱりとしたベリーニで。◆チャージ (1,000円 税込)バーのお通しって、なぜか煎餅や乾き物が多いですね。ベリーニに合わないんですけど。ほぼ手をつけず、勿体ないですね。そうそう、バーの写真は得意な方ですが、このベリーニについては、なぜか、クリアーに撮れてないのが、ちょっと不満です。（笑）"
8,00001,サンルーカルバー,神楽坂駅 86m / バー,4.34,163,2020年8月28日（金）ディジェスティフ。相方と。あげづきでとんかつを食べたあと、せっかく神楽坂にいるので、どこか良いバーで飲んで行こうと、検索してこの店へ。カウンター席もテーブル席も空いていて、少し迷ったが、テーブル席に座った。入った時にはビリー・ホリデイが掛かっていて、何曲目かに「イージー・リヴィング」が流れていた。1杯目。僕：ギムレット、相方：ギムレット・ハイボール。店のお薦めを訊いて、遣り取りした結果そういう選択になった。ギムレットは、ちゃんと甘いギムレット。とてもおいしい。うまく言えないが、完全に一つの飲み物として調和している。ジンはゴードンを使っていた。ライムは見ていなかったのでわからなかった。一方、ギムレット・ハイボールはすっきり・さっぱり。あまり特徴はなかったが、くいくい飲める一杯だった。2杯目。僕：ダイキリ、相方：シンガポール・スリング。シンガポール・スリングはラッフルズホテルふうの甘いものともう1種類あると言われたが、相方はラッフルズホテルふうを頼んでいた。ダイキリもシンガポール・スリングもおいしかった。店内はほどなく満席に。ビリー・ホリデイのあと、デューク・エリントンが掛かって、ベニー・グッドマンの「ムーングロウ」と「メモリーズ・オヴ・ユー」が掛かって、やがてトミー・ドーシーの「アイム・ゲッティング・センティメンタル・オーヴァー・ユー」が流れた。ミスター・センティメンタル。いつ聴いてもしんみりしてしまう曲。21時20分くらいにラストオーダーと言われて精算。会計は7920円で、1万円札で払うと、20円負けてくれた。丁重に送り出されて、夏の終わりの神楽坂を下った。と、そこまでは良かったのだが、中央線が人身事故で止まっていて、スムーズに帰宅できなかった。でもなかなか楽しい夜だった。今日判明した新型コロナの感染者は、東京では226人、全国では870人。沖縄県は29日までの予定だった緊急事態宣言を9月5日まで再延長すると発表した。でも今日の午後は、首相辞任のニュースで一色に染まってしまった。
9,00001,サンルーカルバー,神楽坂駅 86m / バー,4.34,163,うどんが主食の公式ブログ　https://alwaysudon.com/kawada-ningyocho/ うどんが主食のYouTube　https://www.youtube.com/user/techno9353/featuredうどんが主食の公式メルマガ　http://alwaysudon.online/mailmagazine/コロナのおかげでいろんなことが変わってしまった。閉店してしまったお店も多いが、唯一、ありがたいことといえば、結構入れるようになったこと。この店もいつ行っても満席で、何年も行けなかったのだが・・・今回前を通りかかったので覗いたら空席がありました。マッカランのハイボールから、オレンジとピーチのカクテルスイカのブルドッグ。やっぱ、新橋さんは最高ですね。
10,00001,サンルーカルバー,神楽坂駅 86m / バー,4.34,163,【食べログ 全国×バー 第1位】(投稿時)【食べログ 2020 TOP 500】現在 Barでは 食べログ唯一の 4点オーバー神楽坂駅近くの 賑やかな 神楽坂通り沿いの 1階にありバーテンダーは 新橋清さん新橋さんは 銀座の名店『テンダー』出身でミスターバードシェーク と呼ばれる上田和男さんの右腕として 活躍後2010年6月に こちらをオープンこちらのBarの大きな特徴は 14時営業開始！オーセンティックバーで 昼飲みが出来ます店内はカウンター8席  4人掛けテーブル 1つです1年振りの再訪は コロナの影響で 営業自粛後営業再開した 最初の週末の15時本来は カウンター8席ですがカウンターは 4席に減らしソーシャルディスタンス確保到着すると カウンターは満席テーブル席に 案内されカウンター席が空き次第 カウンターに移動ですまずは テーブル席で【トムコリンズ】ジンフィズと 材料も作り方も ほぼ同じでジンの 分量だけが 少し多いカクテルまだ明るい時間なので 窓際の千本格子の木目から 自然光が店内に入り新橋さんの シェイク姿を 映し出します一流のバーテンダーの所作は 絵になっていて 格好イイ！ジンはジンクス オールド トムジンを使用さっぱりスッキリしているので『あげつき』で 豚カツ後の口内環境を リフレッシュ！やっぱり 新橋さんの作るお酒は 旨いっ♪カウンター席に移動後 もう１杯【ギムレット】ジンは ゴードンを使用シェイク後 カクテルグラスに氷を1つ 浮かべるスタイルで 提供これは 上田和男さんが『東京會舘』出身なのでそのスタイルを 新橋さんが受け継いでいますシェイカーで  氷と空気に触れさせたジンは程よく角が取れ まろやかになりますこのキレと まろやかさのバランス…素晴らしい♪まだまだ 飲みたいところですがディナーの前に 酔っぱらう訳にいかないのでこの日は 2杯で終了カウンター4席での営業なので新橋さんとも たくさん話せました♪お酒に対する 真摯さ…分け隔てない 温かいおもてなし…人柄も最高の バーテンダーです！また来ま～す(^o^)/テーブルチャージ ¥1000トムコリンズ          ¥1400ギムレット              ¥1500    計 ¥3900
11,00001,サンルーカルバー,神楽坂駅 86m / バー,4.34,163,（2019/12/28 再訪）約1年振り。注文したのは以下の通り。【ドリンク】 ・Maker's Mark Private Select（PBO）（ソーダ割）  （昨年バージョンと今年バージョンがあり、  　今年バージョンでお願いした。  　ソーダで割ってもアルコール度数が強いので、  　ゆっくり飲む様にした。） ・eX-Charmant  （ヘネシー X.O カクテルコンペティション 2017 入賞。  　やっぱり美味いと思う。） ・ダイキリ  （ラムベース。  　サイドカーと迷ったが、こちらにした。  　久々に飲んだが、飲みやすくて良い。） ・ギムレット・ハイボール  （ジンベースのショートカクテルである  　ギムレットを炭酸で割ったもの。  　最後に飲もうとしているものを注文する前に  　口の中をさっぱりとさせたかったので、  　ギムレットよりもこちらを選択した。） ・アイリッシュコーヒー  （作っているところを眺めるのが楽しいので、  　少なくとも年に1回は注文するようにしている。）合計9200円でした。来年はモヒートも飲みに行きたいです。ごちそうさまでした。
12,00001,サンルーカルバー,神楽坂駅 86m / バー,4.34,163,私が東京で最も好きなバーでして、神楽坂にあるしっとりとしたバーです。この日は、友人たちと神楽坂の私の人生最高のレストランへお伺いする前に少々時間がありましたので、こちらに０次会としてお伺いしました。早い時間から空いていまして、夜にお伺いするよりも、早い時間にお伺いする方が空いていますね。もしかすると、食事時間帯の18時～20時ぐらいが一番狙い目かもしれません…というのも、この日もカウンター席は満席でして、３人でテーブル席。何回来てもテーブル席しか空いていない気がします（泣）雰囲気は東京バーなのですが、お人柄の優しさがあふれていまして、非常に居心地が良い空間。この空間で飲むカクテルが美味しくない訳がありません。気品と繊細さに溢れたカクテルをいただきまして、神楽坂の素敵な一夜がスタートです！
13,00001,サンルーカルバー,神楽坂駅 86m / バー,4.34,163,この日やって来ましたのは神楽坂にあるBar『サンルーカルバー』です。都内に数あるBarの中でも名店の１つに数えられる店✨11月に初めて来たんですがなんと⁉️此方️14:00から営業してますʕʘ‿ʘʔ休日は昼間から飲むのが好きな私にぴったりお店(^^; この日は神楽坂でランチに蕎麦と天ぷらを食べたんですが軽く口直しという事で開店の14:00に合わせて再訪です(^｡^)オーダーは以下の通り。◇お品書き□飲み物・苺のシャンパンカクテル・ジントニック 前回は土曜の14:00開店時に常連さん達で満席(^_^;)平日のこの日は休日ほどではありませんが入店時常連さんと思われる先客が既に3人。その後も続々と。。。相変わらず人気ですね(^_^;)口直しに頼んだの苺のシャンパンカクテルはとても美味しい✨シャンパンと苺は相性良いですね✨2杯目は今回もジントニックにしましたがこれもホント美味しい‼️色んな店でさんざん飲んで来ましたが此処のは別格ですね✨この手の店で長居は野暮ですので2杯引っ掛けてから帰路に(^_^;)神楽坂の駅前にひっそりと佇むこの店とても気に入りました✨神楽坂飲みの〆はこの店ですね。ご馳走さまでした✨
14,00001,サンルーカルバー,神楽坂駅 86m / バー,4.34,163,２０１８年１２月この日は神楽坂へ。『龍朋』さんでの夕食の後、東京メトロの神楽坂駅の１番出口近くまで戻り、早稲田通りの反対側へ。そこにスタイリッシュなビルがあり、その１階に目的の『Sanlucar BAR』さんを見つけました。入口のドアを開けるのが躊躇われるほどの雰囲気でしたが、思い切って入店。空いていたカウンター席へ。お２人のバーテンダーさんの所作など眺めながら、この日いただきましたのは、①ジントニックすっきりとした口あたり、なんとも爽やかな味わいでございました。これはとても美味しいジントニックでした(*´▽｀*)②ハイボールやわらかいハイボールをと所望したしたところ、スコッチのUSQUAEBACH(ウシュクベ リザーブ)で作っていただきました。１口にハイボールといいましても、こうして全く別物の味わいになるのだという当たり前のことを、再確認させていただきました(｀･ω･´)ゞとても所作が格好いいバーテンダーさん、最近まで放送されていました嵐の相葉雅紀さん主演のドラマ『僕とシッポと神楽坂』についての楽しい会話もさせていただきましたm(__)mまた神楽坂に素敵なBARを見つけました(^_-)-☆
15,00001,サンルーカルバー,神楽坂駅 86m / バー,4.34,163,長年恋焦がれていたサンルーカルバーについに入れたぞ♪(ﾟ∀ﾟ；)　数年前に覗いた時には満席で入れず（涙）　この日は開店後の早い時間帯を狙って入店したらさすがに空いておりました(^^;)　店内はバックバーを含めてシンプルな装飾ですがカウンターは分厚い一枚板です。シンプル　イズ　ベストな空間ですね。　まずは飲んでみたかったジントニック。ジンはオーソドックスにビーフィーター。　おおっ、これは確かに美味しいです！　ジントニックはシンプル極まりないドリンクですが案外美味しい店は少ないものですがさすがの一杯です。　２杯目はこれまた大好きなオールドファッションド。アロマティック・ビターが角砂糖にジワーッと浸み込むのをジーッと１分以上見つめ続ける新橋氏。 　ウ～ム、エロイ♪（何が）　その後やさしく角砂糖を溶かしてからウイスキーを注ぐ。　ウ～ム、有りそうで無い作り方。　ウイスキーはウッドフォードリザーブ。　これもシブい。たっぷり入れますね(^^;)　やはり美味しいです。　３杯目は満を持してマティーニ。ビーフィーヒーター＆ノイリープラットのオーソドックスなもの。　ベルモットを結構入れますな。私の視線を感じたのか新橋氏「当店のマティーニはさほどドライじゃありませんけど」とのこと。　いえいえ結構でございます。　マティーニはその店のオリジナルを飲まないとね。さすがに美しいマティーニ。　作る姿も素敵ですがやはりもう少しドライなほうがいいですね。　これは正直に言って口に合わなかった。　４杯目はグレンドロナックでハイボールを。　炭酸系のドリンクが上手そうなので注文しました。さすがに美味しいですが後で考えると、せっかく日本有数の有名バーテンダーを前にしているのだから最後の一杯はショートカクテルを作ってもらえばよかったと少々後悔した。　とにかくオーナーバーテンダーの新橋氏のソフトな接客が素晴らしい。これほどの人気店になっても天狗にならない人格は素晴らしいですね。　合計で６４００円でした。　再訪したい店ですね。
16,00001,サンルーカルバー,神楽坂駅 86m / バー,4.34,163,"暮れの押し迫った12月26日に友人の草履修理に浅草の草履屋さんまでくっ付いていき浅草をブラブラしてランチをしてからの場所を変えて神楽坂散歩(o^―^o)ニコ 「魚串さくらさく」でサクッと飲んでからのシメはこちらの「サンルーカルバー」へお邪魔させてもらいました(^-^)/ 2度目の訪問となるので迷わず入店できましたって表通りにあるから迷う人は居ないか(^◇^;) カウンター席がラッキーなコトに空いていたので直ぐに案内されジントニックを頼みました こちらのバーはなんと昼過ぎの14:00から営業していてバーで昼飲みとかも出来ちゃうんですよねヾ(๑╹◡╹)ﾉ"" なんて何だか軽い調子で書いてましたがこちらサンルーカルバーの新橋さんは美味しいカクテルを作りまくる方なんですよ さてさてジントニックがやってきました 前回はジャパニーズジンでジントニックを作ってもらいましたが今回はなんだっけかな(^◇^;) キレッキレのジントニックを頂いて満足な日となりました"
17,00001,サンルーカルバー,神楽坂駅 86m / バー,4.34,163,今年の夏は、とっても暑い。暑いと喉が渇く。 ・・・ってことで、土曜日の昼下がり。14時～OPENしているサンルーカルBARに立ち寄ってみた。 そんな時間って、お客様だれもいないのでは？って入ったら、ほぼ満席ｗｗもう、どうなってるの？世の中。カウンターに座る。 ・マルガリータここのマルガリータはいつ飲んでも美味しい。塩分とらないと熱中症になっちゃうから、１杯目にはもってこいだね♪ ・モモとシャンパーニュのベリーニ個体を絶妙な具合で残してある桃とシロップ。そこにシャンパーニュをそっと注いで。これは。。。何杯でも飲めます！！！・パッションフルーツのカクテル種の食感を使うのかと思いきや、果汁のみ。さっぱりしていて、スムースに口の中で広がる香りが最強ですね。・ギムレットハイボールギムレットをソーダ—で割ってさっぱりと。思い通りのロングカクテルで〆ていただき、大満足。 すっかりやる気をなくした私は、家路に着くのでした。でも、ドアあけると、そこは激熱の町、神楽坂。。。早く帰って家から１歩もでないぞ！と心に誓ったぞ！！
18,00001,サンルーカルバー,神楽坂駅 86m / バー,4.34,163,神楽坂下の中華料理店で中国人写真家を激励する宴の後、流れ解散で元同僚とやって来たのがこちらのバー。坂の下からヒルトップまでエンヤコラと上り詰めました。飾らない格子の入口。一歩店内に足を踏み入れると和やかな空気に包まれます。カウンターに腰を下ろし、お願いしたのはドライマーティニー。ドライなのにまろやか。上質な仕上がりに思わずため息を漏らしてしまいました。弾む話のうちに2杯目はタリスカーのソーダ割りを、、。ソルティ―で力強い味わいが炭酸と交わって強烈な個性を引き出し、パンチがある。ソーダ割りにするには一番好きなウィスキーです。さらに話が弾み3杯目で仕上げとしましょうか。タリスカーの後に軟弱なウィスキーは似合いません。ここはやっぱりアイラ島のスモーキーでピーティーな奴しかないでしょう。Caol Ilaのソーダ割りをお願いしました。程よいヨードの香りが漂い、口に含むとバランスの良い甘さが広がります。ピートの香りも炭酸に乗って弾けています。そして同時にドライでスパイシーな味わいに包まれます。こんな贅沢はバーならでは、、。さすが名手新橋氏の腕の冴えがもたらす賜物なのでしょうね。
19,00001,サンルーカルバー,神楽坂駅 86m / バー,4.34,163,神楽坂の有名なオーセンティックバーといえば、歯車、サンルーカルバーがやはり有名。こちらは神楽坂上の交差点からさらに神楽坂駅の方へ歩くこと数分、通り沿いのビルの1階にさらりと佇んでいる。ある金曜日の比較的早い時間に訪れると、すでにカウンターはほぼ満席。近隣のマダム、紳士が訪れて酒を楽しまれていた。空いている席に通していただく。ギムレットを。苦味と酸味のバランスが良い、落ち着いた味。ウイスキーをお願いする。スタンダードは一通りあり、ハイボール、そしてバーボンのロックをお願いした。バーテンダーさんの所作、店内の空間、そして客の振る舞いも、完成された一流のバーという感じ。しかし逆説的ながら、その完成された構成要素のすべてが、バーとしての楽しみを減弱させてしまっているような気がしてならなかった。つまり、誰もが自分に与えられた役柄だけを演じて、決して逸脱することのない「バーでの過ごし方」という日常を演じているような印象。酒場とは非日常であって、思いもかけないことが起こる、という空間のあり方を自分は期待したい。神楽坂は近年、バーの開店ラッシュであり、毎年次々と新店が生まれ、また古い店の閉店・移転も続いている。新陳代謝が進む神楽坂でサンルーカルバーがどのような立ち位置となっていくか、これからも楽しみである。
20,00002,Bar Tiare,赤坂見附駅 166m / バー,3.99,113,"そう言って、元カノは去っていった。いつもの一ツ木通り、赤坂DNプラザビル（旧:赤坂鳳月堂本店ビル）5階にあるバーで一人、飲み直すことにした。重厚なカウンターには、バーテンダーさんが三人。センターにいらっしゃるのが、水澤 泰彦さん。2004年第31回全国バーテンダー技能競技大会で総合優勝に輝いた方だそうです。当店がオープンしたのが2009年なので、こちらで既に10年以上の歴史があります。その前は、門前仲町のBAR オーパにいらっしゃったそうです。“ティアレ”－この花の香りをひと度かいだ者はまたタヒチに戻りたくなる。　　　（“月と6ペンス”　－サマセット・モーム―）という小説の一説より名付けられたそうです。Bar Tiareといえば、季節のフルーツカクテル。シャインマスカットが目に入ったけど、そんな洒落たフルーツな気分でもなく。刀根柿と六ジンを使ったフルーツカクテルをいただきました。刀根柿をミキサーでギュイーンとやって作ってます。トップにはチーズ風味のスナックが添えてあって、これがまた絶妙な味わいなのです。チャームは、ツナとチーズのカナッペ、または、かわきもののどちらかということなので、かわきものをいただきました。とにかく、オサレっぽいヤツは回避したい気分。サクッと、フルーツカクテルを一杯いただいてお会計は、2,310円でした。こちらで、口コミ8,700軒になりました～♪"
21,00002,Bar Tiare,赤坂見附駅 166m / バー,3.99,113,赤坂駅や永田町駅近くのバー。独創的なフルーツカクテルが特徴の人気店。フルーツカクテルは目の前でミキサーした本物フルーツを最大限生かすために、ジン・ウォッカ・ブランデー等でシンプルに作るのが王道で美味しいです。でも「Bar Tiare」は本物フルーツにカカオやチーズの香りをつけたり、カンパリ等の味や香りが強いお酒を使ったりして独創的。この店の独創的なフルーツカクテルは好き嫌いがハッキリ別れると思いますが、頼めば王道フルーツカクテルに変えられるから安心。フルーツカクテルは税込1540円。チャージ同770円。平日夜に1人で来店。バーテンダーさんと気軽におしゃべりを楽しめる店でした。「アップルマンゴー」は本物マンゴーをミキサーし、シャンパン等を混ぜたカクテル。「温州みかん」は本物みかんをミキサーし、カンパリ等を混ぜてカカオニブで香りをつけたカクテル。カンパリの苦味が強い大人の味。レーズンバター付き。「富安柿」は本物柿をミキサーし、ジンやオレンジジュースや炭酸水等を混ぜたカクテル。焼いたチーズ付き。独創的なフルーツカクテルを3杯飲んでおしゃべりを楽しんで5390円。大変満足しました。(俳優の三浦春馬さんがバーテンダー役を演じる際に演技指導した店なので、たまに三浦春馬ファンのお客さんがいるようです。お客さんのおしゃべりで知りましたw)
22,00002,Bar Tiare,赤坂見附駅 166m / バー,3.99,113,【食べログ 東京×バー 第6位】赤坂見附駅から 徒歩5分お鮨好きの方なら ご存知の『すし匠 齋藤』さんと 同じビルの 5Fです17時～の営業ですがコロナの影響で 現在は15時～営業中オーナーは以前 バーテンダーの全国大会 優勝実績がありフルーツカクテルの本まで 出版されていますなので 季節のフルーツカクテルなどが 人気のオーセンティックバーになりますカウンター席の他テーブル席、ソファー席も 用意されています訪問は 土曜日の開店直後15時なので 外からの明かりも 心地よく1時間の滞在中 お客は私だけでしたフルーツカクテルも 好きですがこれからディナーの為 2杯だけ頂きました【モヒート】ビルド ロング一般的には ラム、ミント、砂糖、ソーダのレシピラムは ハバナクラブを使用グラスの底には ミントの葉の他にライムを潰したり 絞ったりしているのがこちらのモヒートの特徴同じカクテルを 別のお店でオーダーしてもカクテルのレシピは そのお店によって 微妙に変えてくるので その特徴観察が面白い♪グラスに クラッシュアイスが 敷き詰められミントが香る スッキリ爽やかな カクテル♪【バラライカ】シェイク ショートケテルワンという オランダのウォッカ使用日本ではまだ そんなに知名度がありませんが世界では 5本の指に入るウォッカこちらも スッキリとした味わいでキリッとドライに 仕上げています♪【生ハムとクリームチーズのカナッペ】お通しを2種から選択でき こちらを選択お通しレベルではない 美味しさでフードメニューも 興味をそそられます♪早い時間だったので オーナーは不在でしたが鳥取県出身の バーテンさんとの会話も楽しめ満足な昼飲みとなりましたコロナの影響で バー業界も 苦戦が続きますが注意を払いながら 応援していきますよ (^o^)/お会計は ¥3630です
23,00002,Bar Tiare,赤坂見附駅 166m / バー,3.99,113,東京都赤坂、超人気のこちらのバー、今回はかなり飲んでいましたが、美味しい３次会に行きたいと、２人で意気投合し、こちらのバーをチョイス。赤坂の街で、ずっとトップの人気を誇るこちらのバーは、フルーツカクテルに強みを持ち、女性も非常に多い、東京でも屈指のバーです。銀座のバーは少しハードルが高いと思う方々も、こちら赤坂のバーは入りやすいですからね～。これまでは、何度かお伺いしようとして、満席で断られていましたが、今回は運が良く通路近くの２人席が空いており、無事座ることができました。しかも、カウンターが空いたら、すぐにカウンターにご案内しますねという温かいお言葉もいただきまして、入った時点で満足感UPUP。カクテルはやはりフルーツの美味しさを活かしたカクテルでして、果実が持つエネルギーをいっぱいに活かしたカクテル。フルーツの長所とお酒の長所を掛けあわせてあり、ただのフルーツカクテルとは全く違いますね。しかもビジュアルも意識されており、お客さんの心を掴むアプローチが完璧です。銀座が持つ空気感とは、全く別な角度から、遥かなる高みを目指しているこちらのバー。バー好きであれば、絶対に行くべき１軒だと思います。
24,00002,Bar Tiare,赤坂見附駅 166m / バー,3.99,113,"蟹を堪能したこの日に、もう一軒行こうという話から立ち寄ったお店『Bar Tiare(バーティアレ)』。赤坂見附はほぼほぼ来ることがあまりないので、行きたいお店をリサーチしていなかったのですが、ここのフルーツカクテルはどうしても飲んでみたかったので楽しみ⠀⠀しかもこの日は15日！そうイチゴの日ということで、苺のカクテルを飲むしかありませんね！⠀⠀赤坂見附駅から2分ほど歩き、雑居ビルの5階にこちらのお店はあります。扉を開けると、薄暗いながらも、カジュアルな雰囲気のする店内。バーテンダーさんが丁寧に、上着を預かってくれて、カウンター席へと促されます。⠀⠀カウンター席は大体10席程度、またテーブル席も割とあるみたいですね。⠀⠀僕は当初の予定通り、「あまおう(福岡)のグランマルニエフィズ」を注文。友人はウイスキーを注文。ちなみに銘柄は「Claxton's 6」でした。⠀⠀またお通しはそれぞれ、「コンビーフのトースト」と「芽キャベツの素揚げ」を頂きます。⠀⠀バーの面白いところはやっぱり目の前でバーテンダーさんが作ってくれる所作を見ているのが本当に楽しいですよね〜！⠀⠀ここにはバーテンダーの方が3名おり、それぞれ丁寧に対応してくれます⠀⠀「あまおうのグランマルニエフィズ」は爽やかな味わいで、飲みやすさバッチリ！ドライフルーツも添えられており、かなり甘いテイストになっています。⠀⠀一方で、友人のウイスキーはなんともスモーキーな味わい。若干のバニラや甘い香りも感じることができ、個人的には超好み！こっちにしておけば良かったかも⠀⠀まあけど、フルーツカクテルも間違いなく美味しいですね！バーに行ったことないけど、行ってみたい！という方やデートや友人と気軽に利用したい！という方はぜひ利用してみてください！⠀⠀オススメです〜‼️⠀⠀________________________________⠀ 神楽坂を中心に色んなところで、食べ歩きをしています！美味しいお店、面白いお店などありましたら、是非教えてください！________________________________⠀ ⠀ ⠀【店舗概要】 ◼︎⠀ ⠀店舗名：Bar Tiare(バーティアレ)⠀住所：東京都港区赤坂 4-2-2 赤坂鳳月堂本店ビル 5F⠀⠀価格：¥2,000〜⠀アカウント⠀@bartiaretokyo ⠀ TEL：0335857300 ⠀ ⠀ ⠀ 定休日⠀日曜日・祝日⠀⠀営業時間⠀ ⠀17:00-26:00(L.O.25:00)⠀⠀⠀⠀ -----------------------------⠀⠀#テリヤキ掲載店 #赤坂 #東京 #東京グルメ #東京バー"
25,00002,Bar Tiare,赤坂見附駅 166m / バー,3.99,113,赤坂で前から気になっていたバー普段フルーツ系のカクテルはほとんど飲みませんがこちらのお店はフルーツカクテルが売りというバーたまにはいいかなということで二件目にベロベロで伺いました。予約なしで入店しましたが席はあいにく満席。店内はカウンターのほかにテーブル席もあります。ですがすぐに席に案内できそうですとのことで待つこと数分。カウンターの真ん中に案内していただけました。天秤が目の前に見えていていい席ですラッキー！！！僕が最初に注文したのは温州みかんのカクテルショコラオランシェあまりフルーツカクテル好きではありませんでしたがこのカクテルはお洒落で飲みやすくてそこまで甘さでしつこい酒ではなかったので美味しくぺろりと行けました。酔っていたので二杯目何か飲んだのかあまり覚えていませんが…今度もまたフルーツカクテル飲みに来たいと思います。店内も活気があり女の子に美味しいフルーツカクテルあるよって誘いやすいので使い勝手のいいお店だなと思いますｗ美味しかったですごちそうさまでした( *´艸｀)
26,00002,Bar Tiare,赤坂見附駅 166m / バー,3.99,113,黒猫夜さんで中華の奥深さを味わった後、かねてからBMしていたこちらへハシゴしました。お目当ては、季節のフルーツを使ったカクテル。どれにしようか悩んでいると、バーテンダーの方が丁寧に一つ一つ説明してくださいました。いただいたものたち季節のカクテル ラフランス ¥1300上記にチャージ ¥700と消費税が加算◆季節のカクテル ラフランス山形県産のラフランス、白ワイン、ヴェルモットを使ったカクテル。隠し味にクリームチーズをひとかけら入れていると聞いて、興味をそそられました。クリームチーズは言われても分からないくらい。とろみのあるテクスチャーで、梨の優しい甘みが広がりますのほんのり香るヴェルモットが、洋梨の香りとマッチして、美味しい♪◆チャーム白カビにつけたサラミorテテドモアンヌorおかきから選べるとのことで、この時期だけのテテドモアンヌを。口いっぱいの旨味をふりまきながら、溶けて消えます。客人が私1人だけのときは落ち着きあって物静か。他の方が来店されても、程良い活気が加わって、大変居心地の良い空間でした。他のお客様が頼まれた柚子のカクテルを作っているとき、お店中が、本当に香り高い柚子に包み込まれました。他の季節のカクテルもいただきに、通い詰めたくなりました。ご馳走さまでした☆
27,00002,Bar Tiare,赤坂見附駅 166m / バー,3.99,113,赤坂の一木通りにあるオーセンティックBARです。チャージが燻製させた帆立なのが地味に嬉しかったです。いつものようにまずはジントニックを頼んで、美味しかったので今日はこのままカクテルを頼むことに。大好きなウォッカマティーニをシェイクで頂きます。かなりキリッとしていてドライな印象が残るウォッカマティーニでした。こちらのお店、カクテルがとても美味しいと感じました。次はマルゲリータを飲んでみようと思います。■アカヌマカズヤ ブログhttps://www.bn-ceo.com/■アカヌマカズヤ Instagramhttps://www.instagram.com/kazuya_aka/■アカヌマカズヤ Twitterhttps://twitter.com/kazuya_aka■グルメブロガー アカヌマカズヤの食レポTVhttps://www.youtube.com/c/foodrepotv
28,00002,Bar Tiare,赤坂見附駅 166m / バー,3.99,113,何となく赤坂でもう一軒と、スマホを手繰るとこちらがヒット。雑居ビルの５階です。食べログに載ってなかったら、なかなか入りづらそうな扉を開きます。通りに面した窓を背にした大きなカウンター。暖色の照明に包まれた温かい雰囲気のバー店内です。まさにオーセンティックなバーで、とても落ち着く雰囲気。ただひとつだけ、店内はお香のようなフレグランスが充満しており、かなりキツイ匂いが鼻を衝いてきます。これが意図的なのかどうかはわかりませんが、相当きつかった。季節のフルーツカクテル。OLか！自分は白桃、連れはパッションフルーツを。爽やかな桃の甘味を活かしたすっきりの飲み応え。チャームはナッツとチップスを。２杯目はバランタイン17年のLimited Edition　まろやかで少し甘味のあるスコッチ。大きな丸い氷がグラスの中で回転します。もう一杯。シーバス12年の”水ナラ樽”　普通のシーバスより、甘味が強くてオリエンタルな香り。ゆっくりと赤坂の夜は更けていく。
29,00002,Bar Tiare,赤坂見附駅 166m / バー,3.99,113,２０１９．７【東京出張１日目】東京出張１日目もいよいよ最後のお店です。「Bar Tiare」さんです。赤坂が似合うダンディなchappytsumはBARで羽根を休めます。ダンディはBARにいる、なんつって!!(笑)赤坂は一ツ木通り沿いの雑居ビル内のお店です。歩きたいのよ高輪～♪灯がゆれてるタワー♪思いがけない一夜の～♪恋のイタズラね～♪ちょっぴり寂しい乃木坂～♪いつもの一ツ木通り～♪の一ツ木通りです。西野○瀬たんがいない乃木坂４６はちょっぴりどころじゃなく寂しいです。。。何とも落ち着くバーです。心地良さ満点です。ずっと話しかけられるわけでもなく、だからといって放置プレイでもなく、バーテンダーさんとの適度な距離感が良いですね～。チャーム・・・ドライパイナップル、ナッツ、チーズのカナッペです。そういえば高校時代、カナッペと呼ばれている女の子が居ました。メッチャ整った顔をした美人さんでした。その子はいつも同じ子と一緒に居ました。一緒に居た子は、和歌山が生んだ稀代のカレー職人である林真○美さんにソックリな子でした(笑)コイツ…絶対自分が映えるのを狙ってやがる…(；一_一)そんな昔話でした(笑)ナッツはカシューナッツでしょうか。確かにパイナップルの爽やかな風味は口に広がりますが、旨いかと言われると…(*￣ｍ￣)アードベック１０年・・・１２００円です。ロックでいただきます。口にした瞬間に広がるピートの薫りがタマランチ会長ですね～‼︎(*´∀`)♪カリラ１２年・・・１２５０円です。こちらもロックでいただきます。アードベックよりもピート臭が強く、喉を通った瞬間に五臓六腑に染み渡る印象を受けます。こちらの方が好みですね～(*´∀`)♪
30,00002,Bar Tiare,赤坂見附駅 166m / バー,3.99,113,【1日目：夜】東京1日目の最後は、宿を取った赤坂見附にある『Bar Tiare』さんにお伺いしました。こちらは高松でよくお伺いしている『BAR Ace』さんのマスターが勤めていたお店。常宿エリアにあるので、前々から行こうと考えていたお店にやっと行って参りました。お店は赤坂見附駅から歩いて2.3分の所にあるビルの5階。お店に入ってすぐにテーブル席があり、奥には立派なバーカウンターがあります。雰囲気としてはオーセンティックでありつつも、カジュアルさもあるので、比較的気楽に入る事が出来ると思います。客層は比較的若目で、女性の方々も多くお見かけしました。こちらのマスターは、2004年全国バーテンダー技能競技大会で優勝した御方。『フレッシュフルーツカクテルブック』なる本まで出されており、当然ながらお店では季節のフルーツを使用したカクテルが人気♪この日、最初に頂いたものは静岡産のパクチーを使った『タイモヒート』♪えぐみも無く、シロップとのバランスもばっちり♪その他フルーツカクテルも頂きましたが、どれも良い味わいでした。残念ながらマスターはお忙しそうで、あまりお話をする事が出来なかったのですが、スタッフの皆さんと気さくにお話をさせて頂き、良い時間を過ごせました♪ちなみにかなり人気のお店ですので、週末とかの良い時間帯にお伺いするのであれば、早めに予約をする事をおすすめ♪また機会があれば立ち寄りたいお店です。
31,00002,Bar Tiare,赤坂見附駅 166m / バー,3.99,113,この日やって来ましたのは赤坂見附にある『Bar Tiare』です。Tiareとはタヒチティアレという白い花のことでタヒチの国花にもなっています✨南太平洋に広く分布しているのでタヒチやハワイに行くとあちこちで見られる花です✨タヒチやハワイは私にとって思い出深い地(^｡^)シャインマスカットのカクテルが美味しかった事を連れに話した所行ってみたいと言うことで再訪です✨◇お品書き・お通し（3品）・アップルサワー・パクチーモヒート・みかんミモザ※この日のフルーツカクテルメニュー・ふじりんご（長野）・ざくろ（カリフォルニア）・温州みかん（和歌山）・柚子（高知）・金柑（宮崎）・とちおとめ（栃木）・パクチー（静岡）この日用意されていたフルーツカクテルは7種で残念ながら大好きなシャインマスカットのカクテルは無しと言う事でりんごとみかんのカクテルにしましたが2品共美味しかった✨連れの頼んだパクチーモヒートは秀逸な逸品でした(^｡^)パクチーがあまり得意ではない私も美味しく頂けました✨(^_^;)正直な所此処はあんま教えたくない店(^_^;)ご馳走さまでした✨
32,00002,Bar Tiare,赤坂見附駅 166m / バー,3.99,113,"平河町でおでんと日本酒を楽しんだ後、もう一軒だけ寄って行こうと「Bar Tiare」さんにお邪魔しました。場所は、赤坂見附駅から国道246号線を南に進み、一ツ木通りを左折して進むと、右手にあるビルの５階にあります。私達は、平河町から歩いて行きました。入店すると、目の前にバックバーとカウンターがあり、花模様が真ん中にある変わった形の天秤がぶら下げられていました。天秤には様々な果物が置かれており、どうやらこれを使ったフルーツカクテルが人気のようです。店名の「Tiar」とは、南太平洋原産のクチナシ科の低木の名前で、タヒチの国花です。通常は花弁が６〜７枚の白い花を咲かせるのですが、稀に８枚の花弁で咲くこともあり、タヒチでは「花弁が8枚の花は幸福を運んでくる」という四葉のクローバーのような言い伝えがあるのだそうです。カウンターの奥の天秤に描かれている花が正に「Tiar」であり、もちろん花弁は８枚でした。さて注文です。やはり、いつもの通り「ギムレット」をお願いしました。バーテンダーの鮮やかなシェイクの様子を見ながら、出てきた「ギムレット」を一口飲んでみます。「これは美味しい！」ジンの苦味、ライムの酸味、更に甘味の配分がいいのだと思いますが、爽やかながらも適度な甘さがあり、素晴らしい出来です。これは凄いなと思いながら、次に「マティーニ」をお願いしました。今度は、丁寧且つスピーディーにステアされて提供された「マティーニ」は、これも非の打ち所がない美味しさです。それ程ドライではなく、ジンの味が前面に出ていながらも、ベルモットの仄かな甘さとの調和が絶妙でした。明日の朝早くから出張なので、後ろ髪を引かれながらも、この辺りでお店を後にすることにしました。あまりにもカクテルが素晴らしかったので調べてみると、何とオーナーバーテンダーの水澤氏は、カクテルのコンペティションで日本一になった方とのこと。どうりで美味しかった筈ですね。そんな方の作られたお店ですが、いかにもオーセンティックなバーという重厚感は無く、それ程肩肘はらずに使えそうな感じでした。心して再訪したいと思います。お勘定は２人で6,000円程度です。ご馳走様でした！"
33,00002,Bar Tiare,赤坂見附駅 166m / バー,3.99,113,味わうの巻
34,00002,Bar Tiare,赤坂見附駅 166m / バー,3.99,113,【再訪/加筆修正②】｢赤坂見附｣の｢見附｣は､かつて､｢江戸城｣の外周に配された､城門の事で､｢江戸城｣の廻りには､36箇所あったそうです｡その遺構は､国道246号線沿いの､石垣として残っています｡ ｢赤坂｣､高級店の多い繁華街で､大使館､外国企業が多くて､芸能関係者も多い､華やかな街ですね～｡こちらのお店は､｢赤坂見附駅｣の､｢ベルビー赤坂｣側への出口のエスカレーターを上がりまして､右へ曲がります｡建物を出て､左へ進み､１つ目の交差点を右へ曲がります｡変わった形(きのこ？)の街灯がある､｢一ツ木通り｣へ向かいます｡突き当たりの､ちょっと左側のビルの５階に､こちらのお店はあります｡エレベーターを降りて､右側にお店のドアがあります｡ドアの小さな窓から店内が伺えます｡ドアを開けて入りますと､正面にカウンター席とバックバーがあります｡左側には､１段高くなったスペースに､テーブル席が並んでいます｡バックバーの中央には､特徴的なオブジェ？があります｡その後の窓からは､少しですが､外の灯かりが見えます｡ちょっと可愛い店名は､タヒチの花の名前だそうです｡タヒチで｢ティアレ｣と言う､花を観た者は､必ずタヒチへ戻る｡と言う､言い伝えに習い､こちらのお店を訪れていただいた､お客様に｢ふたたび､お店に戻ってきていただきたい｣との願いも､込められているそうです｡明るめの店内は､グループのお客様や､女性同士のお客様のご利用も多いです｡オーナーバーテンダーの水澤さんは､ BAR オーパ 門前仲町店 で､長く店長を勤められた後､独立されて､こちらのお店を開かれました｡開店のご挨拶状に送られた､｢オーパ｣のオーナーバーテンダーの故･大槻さんからの言葉には､お客様の多くが感銘したそうです｡(私もです)｡水澤さんの手から創られるカクテルは､とても美味しいです｡ちょっと､トーンに特徴のある声質で接客をされる水澤さんは､女性に人気だそうです｡フードは軽めのものがあります｡【水澤さんのオリジナルカクテル】｢スプリングヒル｣2004年の作品｡ラムベースのショートカクテル｡ひと口目から､下の両側に､心地良い刺激を感じます｡口中に爽やかな味わいが広がり､｢スッー｣と､ノドの奥へと落ちて行きます｡残り香が､鼻腔を上がっていきます｡口中に､フルーツの余韻が､しっかりと残ります｡優しい味わいで､美味しいですが､おかわりし過ぎると～～､潰れます(笑)｡ＮＢＡ全国バーテンダー技能競技大会､総合優勝｡
35,00002,Bar Tiare,赤坂見附駅 166m / バー,3.99,113,食べログからオーセンティックバーだと思い込んで訪問。﻿﻿外観はピンクネオンの看板に明度の高い木造の扉﻿﻿入店すると、店内はとても広く、バックバーは赤照明。半円に窓が切り抜かれて外光が。﻿店員殿もフランクに話しかけてくれるし﻿思ってたより少しカジュアル目なバーなのだな。﻿﻿こういうバーでは私はカクテルを頼む。﻿・キウイを使ったダイキリ﻿・マンゴーのオリジナルカクテル﻿まあまあ 悪うない。﻿カウンターより奥のテーブル席に座って、男女でヒソヒソと話す方が色気があっていいかも。﻿気軽に行ける雰囲気なので、覚えていて損はないかもよ殿方よ。﻿﻿﻿﻿﻿﻿【店内】カウンター＋かなり広めなホール﻿【予約】飛び込み﻿【場面】1人、友達、デート﻿【値段】4杯飲んで6400円/2人﻿﻿﻿﻿﻿【name】Tiare﻿【Place】Akasaka.Tokyo﻿﻿﻿﻿﻿﻿﻿﻿﻿﻿﻿﻿﻿﻿﻿﻿﻿﻿﻿﻿﻿﻿﻿﻿﻿【genre】bar﻿【price】2000〜4000yen/person﻿﻿﻿﻿﻿﻿﻿﻿﻿﻿﻿﻿﻿﻿﻿﻿﻿﻿﻿﻿﻿﻿﻿﻿﻿﻿﻿﻿﻿﻿﻿﻿﻿﻿﻿﻿
36,00002,Bar Tiare,赤坂見附駅 166m / バー,3.99,113,ここ最近大いに悩める自分がいた。悩みの原因は仕事の事でも家庭の事でも、ましてや愛すべきベイスターズの調子が今ひとつだという事でもない。そう、悩みとはあと一つに迫った食べログの記念すべきレビュー３００件目をどこのお店にしようかという事だ。まあそんな数字のことは気にせずに普段通りにレビューをあげればいいだけの話なのだが、レビュー１００では用賀支店の洋菓子店と題しシェ・リュイ 用賀店を訪れ、また、レビュー２００では洋菓子の次は和菓子だろうという事で我が支店近くの和菓子店と題し赤坂青野 赤坂見附店を訪れ、半分は自己満足ながら支店シリーズでキリ番に華を添えてきたつもりだ。しかし、どうだろう。さすがにネタ切れだ。チェーン寿司店の恵比寿支店で海老寿司を１０個食べて恵比寿支店で海老寿司ＴＥＮなどのネタも浮かんだのであるがさすがにそれでは品がなさすぎる。まあ今宵は職場近くのＢａｒ　Ｔｉａｒｅで酒でも飲みながら独りゆっくり考える事にしよう。こちらのBARはフルーツカクテルが有名なのだがまずはアイラウイスキーでも飲みながらネタを考えネタを思いついた暁にフルーツカクテルで独り祝杯でもあげる事にしようではないか。１杯、２杯とアイラウイスキーを飲みながら頭の中では支店シリーズに思いを馳せては見るのだが一向にネタがでてこない。駄目だ。完敗だ。策士、策に溺れるとはこういう事をいうのだろう。支店シリーズもこれでクローズなのかと思うと心なしか今飲んでいるアイラウイスキーの味がいつもよりほろ苦く感じるではないか。「何かお作りいたしましょうか？」３杯目のグラスが空になりかけた頃にバーテンダーさんが声をかけてくる。ここは開き直り、完敗に乾杯でもしようかと思い「ジャックローズでお願いします。」とフレッシュザクロを使ったフルーツカクテルをオーダーする。「かしこまりました。」とバーテンダーさんが答えたのはいいが一向にカクテルを作る気配がない。それどころか何やら電卓をたたき始めた様子だ。あれ？どうした？と思っていたら「ありがとうございました。こちらになります。」と清算の紙を渡された。あれ？確かにジャックローズをオーダーしたはずだがオーダー通っていなかったのか？「まあ、いいか。　駄目な時は何をやっても駄目なものだ。」と自分自身を慰めるように店を後にする。帰りの電車の中「しかし何でジャックローズでてこなかっとだろう？まさか辛気臭い顔で飲んでいたので追い出されたのか？」などと考えているうちに明確な答えがでてきた。おそらくは、いやたぶん間違いなく「ジャックローズでお願いします。」を「じゃ、クローズでお願いします。」と聞き間違えたのだろう。それならこの一連の不可解な流れに辻褄が合う。やれやれ全く今日はついていないなと思ったのも束の間。いや、まてよ。この流れはむしろレビュー３００に使えるのではないか！？この韻を踏んだ相変わらずの親父ギャグで支店がクローズするなんてこれはむしろ使わないと駄目だと思い直す。後日改めてこちらのBARを訪れて滑舌よくジャックローズをオーダーして記念に写メをパチリと。フレッシュザクロとカルバドスのすっきりかつ甘酸っぱい何とも言えないハーモニー。満たされた気分で頂く起死回生のジャックローズは格別においしく感じたのであった。
37,00002,Bar Tiare,赤坂見附駅 166m / バー,3.99,113,赤坂にある「Bar Tiare （バー・ティアレ） 」さんに伺いました。アクセスは、東京メトロ銀座線・丸ノ内線赤坂見附駅徒歩３分程とうれしい駅近のお店で、東京メトロ半蔵門線・南北線・有楽町線が乗入れしている永田町駅から、徒歩８分程、東京メトロ千代田線赤坂駅からは、徒歩６分程とアクセス豊富な立地です。エスプラード赤坂通りと赤坂みすじ通りを突っ切た所にある赤坂鳳月堂本店ビル5階です。食べログ周辺のお店ランキングで１位になっています。店内は、ブラウンを基調とした渋みのある大人の空間です。カウンターに案内され腰を掛けると天秤がバックバー中央にあり、果物が置かれています。とてもインパクトがあります。さて、バーテンダー水澤 泰彦氏は、全国バーテンダー技能競技大会で総合優勝に輝いた実績の持ち主です。2009年12月赤坂に「Ｂａｒ　Ｔｉａｒｅ」をオープンされてます。店名のティアレは、幸せを運ぶ花という言い伝えがある白い花でタヒチの国花だそうです。本日は、カクテルを２杯頂きました。また、是非この空間を味わいに再訪致します。ご馳走様でした。
38,00002,Bar Tiare,赤坂見附駅 166m / バー,3.99,113,バーは大人の男の止まり木。そう言っては女性に失礼だろうか。しかし女性を惹きつけるにはバーでの振る舞いは大切。それを出来る男は限られている。人生の生き様。それが問われるのだ。大人の女性にたいしては簡単ではない。だからたとえバーにしても。拘りを求めたい。女性が信頼し、これからを期待したい。（大げさだが）まさにそのような。たとえば、銅製のマグカップ。これを使用するカクテルはモスコミュール。しかしもう1つある。それがスカイボール。そのうんちく、それだけで普通の女性は一目おくのでは。実はモスコミュールが成功して。スミノフ・ウォッカが放った矢が。スカイボール。1960年代のこと。銅製のマグカップはモスコミュール以外殆ど見かけない。この赤坂のバーでフルーツのカクテルをお願いした。外はまだまだ寒いは2月。しかし季節は我々の心以上に先に。進んでいる。それで柚子を。ウォッカベースでと。そうしたらスカイボールを勧められた。マグカップの冷たさとウォッカの強さ。やはり大人のカクテルだ。このマグカップの所以を女性に説明したら。退屈にしていたら残念だが。やはりもっと物語を上手に語らないと。男の止まり木は気取りだけでは。ダンディな会話くらい出来ないと。○スカイボールゆずカクテル、ウォッカ○マティーニ●つまみ
39,00002,Bar Tiare,赤坂見附駅 166m / バー,3.99,113,この日はかみさんと東京をブラブラ。やってきたのがこちらのバー。場所は、東京メトロ銀座線赤坂見附駅から徒歩3分ほどのビルの5F。外観はこざっぱりとした印象を受けます。ドアを開けて店内へ。店内に入ると、いくつもテーブル席が有り、奥にカウンターが。2017年10月現在、3ポイント後半という高評価店にも関わらずお客さんが居ません。ということで8席ほどあるカウンターの左端に座ることに。バーテンダーの方は男性2名。BGMは、ジャズが流れています。お店の雰囲気としては、オーセンティックバーというほど重厚な感じは受けません。テーブル席がカジュアルっぽい雰囲気を醸し出していますし。メニューを頂き、しばし検討します。季節のフルーツを使ったカクテルがいいなと思い、メニュー掲載以外にアレンジして頂きながら飲むことに。ということでこの日に頂いたものは以下になります。・シャインマスカットのマティーニ　1400円　　私のオーダーです。　　まさにマスカットの高貴な香りのするマティーニ。　　通常のマティーニよりもアルコール度数低目ですので女性でも飲みやすいのではと。・無花果のカクテル　1400円　　かみさんのオーダーです。　　珍しく無花果を使ったカクテル。日本酒ベースです。　　粘度高めのカクテルで、日本酒と言われなければ分からない口当たり。　　無花果特有のプチプチ感と香りが生きてます。・チャーム　700円　×　2人前　　揚げパスタコンソメ風とおかきと豆菓子の盛合せです。　　コンソメパスタは極細のパスタを揚げてコンソメ味に仕上げたものです。・かぼすのギムレット　1350円　　私のオーダーです。　　季節のフルーツにかぼすが有ったので、それでカクテルを作って頂きました。　　こちらも鉄板の美味しさですね（＾＾）かぼすの酸味が効いています。これで〆て5550円。税込の明朗会計です。実は結構酔っぱらっていて細かいところは覚えていないものの、バーテンダーの方ともしっかりと談笑させて頂きました。前述したように、高評価店でしたのでオーセンティックな雰囲気がビシバシあるのかなと思いきや、それよりもカジュアル路線で、会社帰りに仲間同士でふらっと立ち寄るような利用シーンが多いのかも知れません。この日は休日だったので逆にお客さんが少なかったのかも知れませんね。ご馳走様です！（2017/10/23現在、3.89ポイント）
40,00003,石の華,渋谷駅 325m / バー,3.96,165,月に2階程度のバー巡りの中で絶対に行きたいと思っているお店の一つ。過去にお店に伺うも予約で満席で入店できず（泣）コロナ禍でお客さんが少ないかもと思い付いてしまい、今回も予約なしで行ってきました。土曜日の17時30分ごろの訪問で先客は３組ほどでしたが、空いてるカウンター席はreserve席の札が！注文したのは●完熟イチゴとラベンダーのジントニック今はイチゴのシーズンだからってことで、とりあえず注文したは良いがラベンダーって6月ごろじゃね？6月は富良野で見頃のシーズンか？おまけにラベンダーの味はわかりませんが、イチゴの後味に今まで感じたことがない味がしたので、あれば恐らくラベンダーかな。注文後にイチゴをフードミキサーで潰しているので果汁も果肉も入っているのは嬉しい。飲んでる間もお客さんがどんどん入ってくる人気店、バーテンダーのチャンピオンが作ってくれるカクテルがテーブルチャージが500円で飲めるもの嬉しいですね。
41,00003,石の華,渋谷駅 325m / バー,3.96,165,★★★★★★★★★★★★★★★【予約時期】・2021年2月25日(木)※席だけ予約可能です【訪問時期】・2021年2月26日(金)18:30〜【注文した商品】◆オリエンタルビューティー(2003年度ワールドカクテルコンペティション日本代表作品)◆ソフィア◆アジアンマティーニ【味/見た目】・オリエンタルビューティは受賞歴がある通り、間違いないです。口当たりはアルコール強め？と思いましたが、すぐにアルコールの感じが昇華して、さっぱりとした味が口の中に広がります。・ソフィアは、ヨーグルトベースの少し重めなカクテルで好き嫌い分かれるかもしれないです、、・アジアンマティーニは、フレッシュマンゴーを使っており、アルコールの強さをフルーティな味わいが包み込む感じです。【サービス/対応】・基本的にはいいのですが、3人で回しているのでどうしても人が増えるとサービスの質は落ちてしまいます。(注文するのに10分かかりました。)【立地】・渋谷警察署の裏手の方でめちゃくちゃ好立地です。【内観・外観】・内観はあまりおしゃれすぎない感じです。【客層】・40〜60代の男性しかいませんでした。【注意事項】・メニューがあまりにも多く、選ぶのに苦戦します笑【感想】・価格も高くなく、メニューも豊富なので再訪したいです。
42,00003,石の華,渋谷駅 325m / バー,3.96,165,【食べログ TOP 1000】【食べログ 東京×バー 第4位】2002年 全国バーテンダー技能競技大会 優勝2005年 世界大会 優勝輝かしい経歴の持ち主は オーナーの 石垣忍氏渋谷の 賑やかな場所から少し離れた 地下1階にあります店内は オーセンティックなバーでカウンターの他に 2人掛けの席も用意されています石垣さんは 忙しそうにしていて2番手の女性バーテンダーさんとの会話を楽しみます地元の○○県で バーテンダーを6年経験し『Bar 石の華』で働きたいと 上京しこちらでも6年 という経歴容姿端麗、勉強熱心、知識豊富、会話上手…他のお客さんからの フルーツカクテルの オーダーを 彼女が作っていましたが 確かな技術ですバーだと 簡素なお通しも多い中提供された お通しは【鶏肉とレンコンのつくね】これが また美味しい♪他のスタッフさんに聞くと毎日違うお通しで 彼女の手作りです…料理まで上手いんですか！？この女性バーテンダーさん一体何者なんでしょう （凄）将来 大物になりそうな 予感…です石垣さんに 作って頂いたのは【モヒート】ステア  ロックラムは フロリデネカーラ 4年熟成ふくよかで 丸みのあるラムはミントとの相性も良く 爽やかな味わい♪【ジンフィズ】シェイク  ロングジンは 王道のビーフィータージンに 酸味と甘みがプラスされるのでコクが増し キリッと仕上がっています石垣さんのシェイクを 拝見しましたが優しい感じの振り方で 格好イイです他のお客さんの オーダーですが季節のフルーツカクテルがとても美味しそうでしたよ♪注文に迷ったら バーテンさんに相談しながら決めるのも 全然ありですお会計は ¥3150
43,00003,石の華,渋谷駅 325m / バー,3.96,165,言わずと知れた渋谷を代表するオーセンティックバー。オーナーバーテンダーである石垣忍さんは、世界大会で優勝した経歴を持つ、同業者からも一目置かれた存在。かといって偉ぶるわけでもなく、さらなる高みを目指し、日々精進に励む姿は尊敬します。そんなオーナーバーテンダーが務める石の華は、早い時間から遅い時間まで、ホントお客さんがたくさん訪れます。コロナ禍において一番割を食った1つがバー業界なのではないでしょうか。リスクは、飲食店と変わらない、大きな声でばか騒ぎをする場でもないのでむしろ低いのではと個人的には思うのですが、その扱いはキャバクラなどと同様に扱われ、この騒動が勃発するといきなり名指しされ、自粛せざるおえなく。文句一つも言わず耐えてきたバーテンダーの方々もいよいよ復活する時が。その雄姿をみるべく久しぶりにこちらを訪れました。いつものように渋谷駅東口を出て、渋谷警察署を首都高3号渋谷線を左手に見ながら坂を上がる途中のビルを地下へ降ります。→頼んだもの・ミントジュレップ・マティーニ扉を開けると、カウンターにやや空きがありますが、石垣さんをはじめスタッフの方々が忙しそうに動き回っています。スタッフの方は皆さんマスク着用です。石垣さんの拘りなのでしょう、黒いマスクをつけてシェーカーを振っている姿は、思わず吹きそうになりました(笑)この時期にこちらを訪れると頼むのがミントジュレップ。毎年ケンタッキーダービー、ミントジュレップグラスを仕入、そのグラスを使って提供してくれます。2020年もしっかりと仕入ていました。こういう拘りって好きなんですよね。ミントの品質は、常に安定して高クォリティなので香りの高いミントジュレップを楽しませて貰いました。ケンタッキーダービーのミントジュレップグラスで呑むだけでテンションがあがるのですが、単純なおじさです(笑)今年は、イギリスもコロナの影響を受け、9月5日開催に延期されたので、そのころに再びケンタッキーダービーに思いを馳せながらいただきたいと思います。 渋谷を代表するオーセンティックバーとして、これからも渋谷のバー業界を牽引していって欲しいですね。
44,00003,石の華,渋谷駅 325m / バー,3.96,165,Instagram(bottan222)ーーーーーーーーーーーーー2020/06　６月１日の１６時から再開すると知り、”酒井商会” で食事をする前に此方で１杯頂こうと伺って参りました、１６時半でしたが残念ながら満席で入ることが出来ませんでした、満席と言っても２ｍのソーシャル ディスタンスほどではないですが隣との席を１席空けてお客さんに座って貰っておりますので、満席ではありませんが満席でした（笑）。”酒井商会” で美味しく楽しい食事を終え、駄目元で再び伺ってみました、今度は無事にテーブル席に座ることが出来ました、２ヶ月ぶりのバーです、なんかウキウキしてきますね（嬉）。頂きましたお酒は次の通りです。「小玉西瓜とピスタチオのウォッカ マティーニ」（家内）「マンゴーとサフランのピスコサワー」（私）「季の美のジントニック」（私）「Caol Ila aged 12 years のロック」（家内）「Glenfiddich aged 12 year のダブルのハイボール」（私）　やっぱバーは良いですね、落ち着きます。６月に入ってやっとバーがぼつぼつと再開し始めました、居酒屋が良くて、なんでバーが駄目なんでしょか、居酒屋では大きな声で話している人が多いですが、オーセンチック バーは９９％のお客さんが静かに飲んでおります、お役所仕事とはよく言ったもので、調べもしないで決めてしまいますね。まぁ～、これからはバーに行くことが出来ます、嬉しいです。
45,00003,石の華,渋谷駅 325m / バー,3.96,165,"＊＊短評＊＊界隈で知らぬ者はいないオーナーバーテンダー石垣氏のお店。日本を代表するバーのひとつだ。数々の受賞歴を誇るオリジナルカクテルと卓越した技術、まさに""本物""を味わえる。某大手酒類メーカーのバーマスターも、世界で見ても指折り＆太鼓判とここを挙げていたほど。代名詞の「ジン＆トニック」、定番に加え、こだわりの素材を活かしたフルーツカクテルも魅力。その日の気分や好みに合わせて何を飲むか吟味する。そんな時間すら幸せと言えるだろう。＜ざっくりまとめ＞おすすめポイントを以下にまとめます！メニューなどは投稿画像も参考にして下さい。☑ IBA公認の世界大会で頂点を極めた実績を持つバーテンダー石垣氏がオーナー☑ 超定番「ジン＆トニック」、伝統の「ピスコ・サワー」などオリジナルレシピの一杯から！☑ 使用する素材、見せ方まで至高！フレッシュなフルーツカクテルは女性にオススメ☑ JOHNNIE WALKER（ジョニーウォーカー）のレコメンドメニューも気になる！☑ ムード漂うオーセンティックバーではあるが、敷居は高すぎず誰でも立ち寄れるのも魅力＜予算目安／CP評＞＠2,000円～1杯1,000～2,000円、サービスチャージ500円と良心的な価格でコスパ◎＜混雑予測＞★★☆☆☆（事前予約がベター、時間帯次第で飛び入りも可）＜備考（ひとことコメント、店舗メモ、サービス評など）＞前回の訪問からだいぶ時が経過しており、聖地巡礼の気持ちも込めて。やっぱり最高・・・。最近特にバー巡りが頻繁なだけに、こちらのすごさを改めて実感できた。もはや感動しかない！"
46,00003,石の華,渋谷駅 325m / バー,3.96,165,先輩につれられて訪れた石の華さん。店内はクラシカルでどこかモダンな雰囲気。落ち着く。まずはモヒートをいただきました。香り高いミントの香りが鼻腔を擽り、あっという間に飲み干してしまった。笑ブラッディメアリーはトマトジュースではなく、フレッシュトマトを使用しており、トマトそのものの果実みを感じる個人的にとても好みな仕上がり。お供はお洒落にショコラオランジュを。笑ほろ苦いチョコレートと淡路産のオレンジの組み合わせにグッと来ました。このお店のマスターである石垣氏は世界大会で優勝された経歴を持っており、入る前はどんな凄い店なんだろうと恐縮半分、わくわくしていましたが、入店してから空間や時間の流れ方、素材やリキュール、すべてにマスターの石垣氏の拘りを深く感じ、隙のなさを味わいましたね。しかしながら堅苦しい訳でもなく、どこかホッとできる様な雰囲気。石の華さんはカクテルだけのバーではなく時間を楽しむ店だなぁとしみじみしてしまいました。笑次は女の子と来たいですね〜！
47,00003,石の華,渋谷駅 325m / バー,3.96,165,渋谷のうるさくないエリアにある超有名なバー、それがここ「石の華」です。同じ渋谷でも109周辺や道玄坂の方に行くと、年齢層も若く混雑しているので極力行くことを敬遠していますが、「石の華」の場所は六本木通りと青山通りが交差するあたりにあって、駅から近いことで利便性もありつつ過度の混雑からも免れているので、年齢層高めな大人が渋谷のバーに行くにはとても良い立地だと思います。オーナーの石垣氏は数々のバーテンダーの大会で優勝していて、世界一になった経験もある実力者。2003年に「石の華」をオープンしてもうすぐ20年が経過しようとしている名店中の名店です。こちらへ行ったのはもう2年前、コロナや緊急事態宣言など想像もしていなかった頃のことです。女の子と西麻布でゴハンを食べて、たまには港区を離れて飲もうと思って行ったのがこちらでした。時間は深夜1時過ぎ、ぎりぎりラストオーダーに間に合って、かつ席も少しだけ空いていたので直前の連絡でしたが入店できました。ボクはバーに行くと必ずそのお店のフルーツカクテルを注文します。これがない、または種類が少ないお店は基本的にあまりバーとしてのレベルが高くないことが多いため、初めて行くバーではフルーツカクテルができるか、そしてその種類を聞きます。「石の華」は毎月数種類のフルーツカクテルやハーブを使ったカクテルが提供され、常に変化・進歩しようとする姿勢が感じられます。この日最初にオーダーしたのは、宮崎産ライチを使ったモスコミュールです。ライチの上品な甘味と香り、カフィアライムの清々しさが一体となって、いつも飲むモスコミュールに新鮮なアクセントを加えてくれています。美味しい、とても。良い雰囲気と美味しいお酒。当然、連れの女の子とも距離感が近づいていきます。続いてオーダーしたのが宮崎産マンゴーを使ったジントニック。キルシュワッサーを使っていて、今まで飲んできたジントニックとはまったく異次元な一杯。ボクも自宅にはたくさんのお酒とフルーツがあってゲストにカクテルを振る舞ってきましたが、この一杯は想像もつかないです。質の高い宮崎産マンゴーとキルシュワッサーのさくらんぼの風味。タンブラーに注がれたそれは見た目ではオレンジジュースのようで、でも一口飲むと口の中に広がる大きな世界観。ジントニックの概念を根底から覆してくれる一杯でとても美味しかった。閉店まで1時間を切って入店したので、この2杯しか飲めませんでしたが、このとき一緒に行った女の子とは良い雰囲気のまま一夜を共にしました。ちなみに、その子は去年結婚したそうで、過去に一晩共にした女の子たちが結婚したのを知ると、良かったと思う反面寂しさを感じてしまいますね。「石の華」はその子の思い出と一緒に記憶に残っている名店です(笑)
48,00003,石の華,渋谷駅 325m / バー,3.96,165,本日二軒目は渋谷のＢＡＲ石ノ華。平日金曜日に友人Wとの飲みにて利用。以前から友人Wの話を聞いて行きたいと思っていたが、一軒目の『麦酒庵　恵比寿店』を出た時に電話したら席の確保に成功!やっと来店する事が出来ました。かなり酔っている事を前提に頑張って思い出しながら書いてみます(笑)注文したのは下記。(★1点☆0.5点で評価＋－は気持ち)自分国産マンゴー×キルシュワッサーのジン＆トニック1450円完熟トマトのモヒート1550円友人W茗荷のカクテル(詳細不明)山葵のカクテル(詳細不明)ウォッカマティーニ007生ハム？円計9.860円・国産マンゴー×キルシュワッサーのジン＆トニック1450円★★★★マンゴーはすっきりした甘さで微炭酸が気持ち良く飲めますね。・完熟トマトのモヒート1550円★★★★いっぱいミントが入っておりミント自体も普通の物と比べて大きく野生的です。ストローでザクザクやりながら飲むのですが、それでもトマトの酸味や甘みが最後まで堪能できて美味しかったです。・生ハム★★★☆イタリアのプロシュートですね。熟成されて旨味が増した生ハムは非常に酒との相性が良いです。【総評】味よりもマスターの技に見惚れてしまいました。自動車工場の組み立てロボットのような正確さと速さに、居合いの達人の滑らかな動きと言いましょうか...兎に角、無駄が無い、早い、正確、所作が美しい!!石垣 忍さんの経歴は後で知りましたが、流石、世界一のバーテンダーですね。
49,00003,石の華,渋谷駅 325m / バー,3.96,165,本日は渋谷でお仕事。遅くなってしまったのでスポーツジムは間に合いませんね。では、大好きなバーへ。「石の華」の階段をおりてカウンターへ。ジントニックからスタートです。相変わらず美味しいですね。石垣さん、川島さんともにお元気そうですね。こちらはお酒の時間を削って、なんとか生き延びるためのトレーニング中です。高速で作られるカクテルを眺めながらの至福のときを過ごします。続いてはギムレット。ジンを教えていただくとナンバー３です。それも４９度のもの。レギュラーの４６度よりもまろやかなテイスト。さすがの石垣さんですね。マティーニもためしたくなりお願いしました。なんと、シェイクで作っていただきました。さすがの発想力。やわらかく、美味しいマティーニでした。素晴らしかったです。はやく正常な数値に戻してバーに通いたいですね。どうもごちそうさまでした！「石の華（イシノハナ）」東京都渋谷区渋谷3-6-2第二矢木ビル　Ｂ１Ｆ18:00～翌2:00日曜、祝日休み
50,00003,石の華,渋谷駅 325m / バー,3.96,165,東京都は渋谷区、友人との待ち合わせまで少々時間がありましたので、「！」閃きました。そうだ、バーへ行こう！ずっとずっと宿題店だった、石の華へ０次会で一人でお伺いです。渋谷も工事中で、どの経路で辿り着けるのか、非常にわかりにくかったものの、お店は看板も出ていて、入りやすい雰囲気です。６時半ごろでしたが、既に半分は埋まっていて、人気のほどを確認。常連さんの比率が高いお店のようです。ただ、排他的な感じはなく、女性の店員さんの柔らかい接客も印象的。さて、メニュー表を出されまして、本格派バーでは珍しいなと思ったのですが、珍しいカクテルが多く、確かにこれはメニュー表を見た方が、選択肢が増えて良いですね。最初は季節のパッションフルーツが宮崎産でしたので、パッションフルーツと紫蘇のモヒートをお願いします。パッションフルーツが甘さを醸し出すのかと思いましたが、紫蘇が引き締めて、ミントへ繋ぎ、後味は爽やかという、和と洋の香草がそれぞれの良さを出した１杯。決してパッションフルーツのみを推した単純カクテルではございません。時間が迫ってきましたので、飲みたかったクラウディアを注文です。豪華絢爛、素晴らしい飾り付けのクラウディア。上の飾りを外そうとする際に、飾りの部分がグラスと一体化しているので、倒さないよう要注意です。世界大会優勝のカクテルは、もう今まで全く飲んだことがない新ジャンルカクテル。甘さが来た後のペッパー、しかも複数種類で味に深みを出しています。カクテルと言うよりも、料理のような感覚を与えてくれる、ビジュアルを超えた味わいの新感覚カクテル。料理を頂いているような気分にすらなってしまいました。石垣さんも忙しい中の目配りをされていて、腰が低く、このカクテルを作られている緻密さを感じるシェイクでもありました。東京のバーでしっくり来ないが続いていましたが、こちらは味の方向性が私のど真ん中で好み。次は最後のお店としてこちらお伺いさせていただきますね！
51,00003,石の華,渋谷駅 325m / バー,3.96,165,何年も前に、確か京都の日航ホテルのバーで聞いたお店。やっと行ってきた。始まりはいつも通りのジントニック。まず、ジンがNo.3で驚いてその後茶色い粉をいれられててダブルでびっくり。確かカルダモンらしい。初めて飲むジントニック。コクがあってうまい。お次はカウンターにあったトマトが気になったから、それを使ったカクテルの中からマティーニを。確かまいひめとかいう名前で熊本かどっからしい。季節によってトマトが変わるらしい。甘くて飲みやすいし、少し青臭さが気になる気もする。複雑な味。最後はキンカンのフルーツカクテル。確か埼玉とかその辺か箱根のやつ。おんなじ柑橘系ってことで山椒とあわしたはったんやけど、うまい。山椒苦手な俺でもうまいと思える加減が絶妙。3杯で4700円ぐらいやったと思う。チャージは500円とのこと。フルーツカクテル系のメニュー表がいいお値段やから、ちょっと怖かったけど普通やってよかった。スタッフの皆さん、きもちよく話してくださるし楽しい一時やった。ありがとうございました。ご馳走さまでした。
52,00003,石の華,渋谷駅 325m / バー,3.96,165,2018/2/16の夕食の後のバータイム本文　大学学教授の医師に結構肝臓の値が悪いので内科医から（その病院内科の同じ場所）に勧められて診察をしてもらうとまあ生き死に別条はないとのことで最近はお酒に遠ざかっていますから何となく胸をなでおろしたのか　一杯だけて感じて北極星（ポーラースター）と言う名のカクテルと好きなチーズの盛り合わせとナッツなど後はお通し何と言っても小さいけど小ぎれいで雰囲気が良いです。女性のバータテンダーの方も身支度も綺麗で話しやすかったです。つまり接客、お店の雰囲気はとてもいいしこの北極星　どうも何代か前の人が妙見信仰と言う北極星の信仰をしていたらしいまた有名な宝石も有るとの事　いつも思うのですがこのカクテルて綺麗ですねえ　このカクテル美味しいそして例のシェイクマティーニは凄く強いのででもこの北極星はどうなのでしょうかここは　距離（東京ですと区をまたがるただし近い場所ではないです）×時間（距離が有るので当然時間がかかります）×（運賃）を使って来ても損は無いと思います。また近所に紹介したとん吉とか先に紹介したタイ料理も有りますしただ今の渋谷は余りにも国道246で分断されててこちらとあちらが分断て感じは否めないのでそれが少し減点ですがそれはこのお店のせいでは有りません勿論わたくしが重要視するリピータも大勢だと思います。すこしお酒が強くないとしんどいかも是非そう煮干しラーメンの名店なんかすぐ隣みたいなもんです。たまに食べたんですけど面倒くさい時もあるので省略してしまう事も有ります。お許しをお近くにお越しの際は来店御考慮下さい。行き方は前のタイ料理店やとん吉でしたかそのレビュー御参照くださいわたくしは横断歩道教脚力で登りましたけど
53,00003,石の華,渋谷駅 325m / バー,3.96,165,渋谷駅の最寄りに店を構える「石の華」さんに伺いました。アクセスは、JR山手線渋谷駅より徒歩3分、半蔵門線・田園都市線・副都心線・東急東横線渋谷駅 C1出口より徒歩1分以内というアクセス豊富な立地です。加えてうれしい駅近のお店です。六本木通りから路地の中に入った第二矢木ビルの階段を下ると盛り塩の置かれている木製の扉を開き店内に入ります。店内は、落ち着きのある照明に深い色のカウターや椅子は、大人っぽさを演出しています。カウンターの上には、新鮮な果実が置かれています。そしてカウンターの中には、ボトルが並べられていてその下の段には、シェーカーやグラスがきれいに整列しています。オーナーバーテンダーの石垣　忍氏は、2002年全国バーテンダー技能競技大会で優勝されています。IBA(国際バーテンダー協会)公認の世界大会(イタリア・トリノにて開催)日本代表として出場し、最も権威のあるシニア部門(29歳以上)において優勝され、世界一になっています。そして2003年にBar 石の華をオープン。HPを覗いてみるとマンスリーにお勧めのカクテルを紹介しています。果物を使用しているときは、産地を提示しています。本日は、「Mojito」、「クリムゾン・メアリー」を頂きました。〇ロングドリンクのMojitoは、ライムをベースとしたサッパリとしたカクテルです。細かめにクラッシュしたアイスと緑が清涼感があります。〇クリムゾンメアリーは、石の華さんオリジナルのカクテルです。リキュールベースをベースとしたエクストラヴァージン カシス、トマトジュース、オレンジジュースを使ったカクテルです。トマトとカシスって合うんですね。とても雰囲気が良かったので、また是非再訪致します。ご馳走様でした。
54,00003,石の華,渋谷駅 325m / バー,3.96,165,渋谷。東急南口交差点から西に進んだビルの地下１階にあるバー。数々のカクテルコンクールで受賞暦がある石垣さんが営まれています。店内はカウンターと向い合せ２人掛けのテーブル席があります。バーカウンター内ではマスターである石垣さんが流れるような手際のよさで次々と入る注文をこなされています。注文はポーラスター紅玉とクラフトジンのコリンズ相方は「アマポーラ」と「ボストンクーラー」ポーラスターは全国技能大会優勝作品とのこと。じゃがいものスピリッツ「アクアビット」がベースのカクテルです。紅玉とクラフトジンのコリンズで使用されているジンはアメリカのジンで個人輸入して入手したという珍しい品。石垣さんのカクテルはどれも味の輪郭がはっきりとしていて口の中で複雑な味わいがします。これまで伺ったどのバーにもないような風味がしました。マスターといろいろお話させていただきましたが、関西から来たことを伝えると、マスター自身は４代続く生粋の江戸っ子なのに、うどんは関西風味が好き、探偵ナイトスクープと吉本新喜劇はいつも録画と関西好きであることが判明。楽しい時間をすごさせていただきました。クラフトジンもそうですが、バックバーにある酒の種類も豊富ですし、価格も２人でカクテル４杯いただいて、チャーム付きで５０００円弱ですからかなりリーズナブルだと思います。東京での止まり木バー決定です！ごちそうさまでした。
55,00003,石の華,渋谷駅 325m / バー,3.96,165,オープンして10分程経ってからの来店。カウンター席は殆ど埋まっており、自分の来店後も次々に来店する客が後を絶たなかった。軽く1杯だけ飲んで帰る客とゆっくり味わって飲んでいる客と楽しみ方は人それぞれな様子。しかし、共通して客の振る舞いは品のあるケースが多かった。お店が作り上げている雰囲気の影響か…上品な客ばかりだと安心して飲めるのでバーを楽しめるかどうかの基準として客層は重要なポイントだと思う。フローズンカクテル目的で訪れた為、とりあえず西瓜のフローズンカクテルを注文。想像していたより甘みが足りなかったもののこれはこれで上品な味だったので満足。その後注文したパッションフルーツのフローズンカクテル・モヒートも美味しかった。フードメニューではハード系のチーズ・ソーセージ・プロシュートを注文。どれも思っていたより量があったし、美味しかった。接客は非常に丁寧で程々に話を振ってくれたり、放って置いてもらえたりと、距離感の取り方が絶妙で心地が良かった。店内に足を踏み入れた途端渋谷の喧騒をすっかり忘れてしまう非現実的な空間だった(良い意味で)人気があるのも納得の内容だった。ご馳走様でした！
56,00003,石の華,渋谷駅 325m / バー,3.96,165,渋谷のビル地下1階にあるバー。休日のディナーで訪問。常に満席でひっきりなしに客が来るため、事前の電話確認は必須と思われる。席は、カウンター11席、2人掛けテーブル2つ、奥に4人掛けテーブル1つがある。オーナーバーテンダー・石垣氏の美しくスマートで一切無駄がない所作が見ものだ。カクテルはオリジナルカクテルが面白い。リキュールやシロップの組み合わせ、味のバランスがいい。■クラウディア当店の代表的なオリジナルカクテル。グラスを彩るデコレーションが美しい。すっきりした甘みに、ミルでひいた粒黒胡椒とピンクペッパーがアクセントになって、スパイシー。デコレーションは、上からチェリー、ラディッシュ、パイナップルの葉、ライム。カクテル大会のルールで、口に入れられ、かつ店で市販されている食材を駆使することになっている。■ポーラ・スターグリーンアップルとレモンの柑橘感がキリッと味を引き締める、オリジナルカクテル。■オリエンタルビューティーカシスフレーバーウォッカ、ロゼベルモット、アニゼットリキュール、ライムジュース。■ソフィアヨーグルトリキュール、紫蘇リキュール、フレッシュパインジュース。■お通し茄子、胡瓜、鶏の浅漬け。石垣氏との会話は楽しく心地よく、また来たい店。
57,00003,石の華,渋谷駅 325m / バー,3.96,165,大衆居酒屋で鯨飲馬食。こんな日も悪くはないが、私は元来、酒には最高の質と最高の量を求めてしまう性である。一緒に安酒を呑んでいた我が知己は既に千鳥足であったが、有無を言わせず渋谷が誇るオーセンティックバーに向かった。この日の最初の一杯は、小玉西瓜のミントジュレップ。ウイスキーはウッドフォードリザーブだったと記憶。チャームはトリュフ塩のかかったゆで卵。ここのチャームはいつも美味しい。二杯目、マンハッタン。ここのマンハッタンは飲み口が良い。ウイスキーはウッドフォードリザーブ、ヴェルモットはドラン。チンザノ、ノイリー、アンティカ以外のヴェルモットを使ったマンハッタンは初めて呑んだ。三杯目、サイドカー。シロップが入ってるかのような甘さがあるが、酸味もありすっきりとしている。シェイクはハードとは対の緩やかなもので、フレークは少なめ。四杯目、ヴェスパー。最近はヴェスパーがお気に入り。質の高さを伴うヴェスパーは、食前酒というより〆めに相応しいと私は思う。あゝ至福の刻。ご馳走様でした。
58,00003,石の華,渋谷駅 325m / バー,3.96,165,何軒かハシゴをして渋谷にたどり着いた土曜日、終電までもう1杯ということで、こちらのバーに行ってみることにしました。渋谷警察署付近にあります。ビルの地下に降りて行くと、何とも洗練されながらも賑わいのある空間が。22時をとうに過ぎています。カウンターは満席で、テーブル席へと案内。だいぶ酔っていたので記憶が曖昧ですが、混み合う中でもバーテンさんが細やかに応対してくれたのが印象的。さて、バーなのでカクテルにするかとメニューを見ると、果実系のメニューが充実しています。長野県駒ヶ根産の完熟キウイを使ったカクテルが真っ先に目に留まり、これだ、とオーダー。酔っているとなぜか判断が早いのです。カクテルとお通しが来ます。カクテルはここまでやるかと思うくらいに果実味しっかり。キウイの酸味で一瞬だけれども逆に酔いが醒めるくらいな感じでした。お通しのキッシュ的な感じのおつまみも良かったです。カクテルに合わせた作りになっています。終電の時間が迫ったので本当に1杯だけで終了。こちらのお店が渋谷でも名だたる名店だということは帰宅後、翌日気がつきました。今度はもう少し意識がはっきりした状態で伺いたいですね。
59,00003,石の華,渋谷駅 325m / バー,3.96,165,2003年オープン、渋谷駅から5分程。六本木通り沿いという分かりやすい所にある世界大会で東洋人初優勝を飾ったオーナーバーテンダーのお店、石の華。オーナーバーテンダーは石垣 忍氏。日中働きながら夜間の日本バーテンダースクールに通い都内のバーで12年ほど修行した後、2003年に30歳でBar 石の華をオープン。賞歴は2002年ポーラスターで全国バーテンダー技能競技大会優勝、2005年クラウディアでBACARDI-MARTINI Grand Prix世界大会にて東洋人初優勝と実力はお墨付き。検索すると紹介文やインタビューが数多くヒットする大変名の知れた方。カルピスとコラボしてカクテルを発売、SEIKOの腕時計をプロデュースする等多方面でも活躍しています。メニューは毎月3種類程月替わりのカクテルをリリース。ラインナップはフレッシュフルーツを使用したカクテルや伝統あるカクテルにオリジナル要素を加え再構築したカクテル等。限定なのが惜しいと思わせる完成度の高いものばかりです。休日のオープン時間18時頃訪問。予約はしていませんでしたが、カウンターに2席程空席有。ご予約席も多く、18:30には満席になる人気店なので訪問時はお電話の問い合わせが安心です。お店は地下にありバーにしては明るい方、引き戸を開けるとすぐカウンターが見え奥にテーブル席。エントランスで荷物を預けカウンターへ。センターには石垣さん、他にバーテンダーは3人程いらっしゃいました。バーにはゆったりしたお店と手際のいいお店がありますが、当店は間違えなく後者。どのバーテンダーも無駄な動きがないのは石垣さん自身に隙がないから。石垣さんがカクテルを作る姿は素早いというよりシームレス。途切れることない美しい一挙一動にお客様の視線が集まります。得意ジャンルはフレッシュフルーツやフレッシュハーブを使用したカクテル。訪問時シーズン毎に変わるカクテルは6種類程あり、それをベースにして3種類程フレーバーに枝分かれしていてオーナーの引き出しの多さが垣間見えました。人気はシーズンメニューとクラウディアですが、伝統的なカクテルもよくオーダーされ分散されている印象。お店の方はどなたも感じ良く接して下さり、私は主に女性バーテンダーの方とお話させていただきました。産地や作り方のお話をお聞きしたり、メニューが豊富なので選んでいただいたりとバーとしての楽しみがあるお店です。カクテルは全て石垣さんが作って下さいます。また、人気店ということもあるので空いている時間帯以外は顔馴染にならない限りは石垣さんの正面のお席に座ったり、お話はまずできません。評判通り美味しく透明感のあるお味をしています。甘さはあってもすっきりしていて、軽さがある口当たり。クラウディアのみは甘みが強いのですが意外性有。どれもセンスと個性があり、次はどの様なお味が楽しめるのかとバーでは初めて3杯もいただいてしまいました。チャームはオリジナル。訪問時はお肉のスープ煮の様なもので珍しい温かいメニュー。フードも美味しいと言われているだけあり薄味で寒い日にほっとできる良いお味でした。◆完熟キウイ×メドウスイートのマティーニシーズナルメニューのオリジナルプリマスジンベース、駒ヶ根産完熟キウイとメドウスイートというハーブを使用したカクテルカクテルグラスでサーブされましたキウイの粒感から配合量の多さを感じさせます私はえぐみが苦手なので完熟でも心配がありましたが、全く舌を刺激することはないのは見事メドウスイートは拘りの自家製最初はフレッシュなキウイのお味からぐぐっとメドウスイートの香りが頭角を現し、一気に盛り上がりを見せますメドウスイートはよくヨモギに似たお味と言われますがライムとの配合もあるのか弾ける様な強さがありました甘さはすっきり、フレッシュの良さを生かした個性がありこちらに訪問させていただき良かったと思えるお味◆紅玉×メープルシロップ甘めのカクテルをお聞きすると月替わりでもうメニューには載っていない紅玉を使用したフレッシュカクテルをご紹介いただきオーダー真鍮のマグカップでサーブされましたウォッカベースに紅玉、メープルシロップ、ジンジャービア、トニックを使用したカクテル紅玉は皮ごと真空ミキサーに入れて色の劣化と鮮度落ちを防いでいます甘さはありますが、トニックですっきりと林檎のお味に後からジンジャーの辛さがきて美味メープルなので甘みに柔かさがあり、皮ごと入れた林檎の風味がダイレクトに伝わりますジンジャーはものによっては強すぎて浮いてしまうことがありますが絶妙な配合量林檎の質の良さで終わらせない、大人のアクセントを忘れていないカクテル◆クラウディアBACARDI-MARTINI Grand Prix世界大会にて東洋人初優勝を果たしたカクテルバカルディブラック、マルティーニビアンコ、パイナップルジュース、キャラメルシロップを使用したカクテルカクテルグラスにライムピールを這わせ、ピンでラディッシュ、チェリー、パインリーフが花を咲かせる様に飾られています上にトッピングされているのはホワイトペッパーとピンクペッパーオーダー時、「甘いですが宜しいですか？」と聞かれますお味は確かに甘口キャラメルシロップが効いていて、パイナップル香るまったりとした口当たりそこにペッパーがピリッと尖った刺激を与え目覚める感じに粗挽きのペッパーを噛めばキャラメルと交わり甘さと辛さがぶつかります辛さはこのペッパーのみ、ベースはかなり甘めですが甘さがあるからこそペッパーとのコントラストが鮮明になっている様でしたバランスをペッパーでとるという斬新ですがマッチしていて、よくこの組み合わせを完成系にもっていったと驚くお味お酒としての癖は少ないので弱い方でもいただけそうです「こんなカクテルのんだことが無い」と言われた世界一のカクテル、甘いのが苦手でなければ唯一無二なのでおすすめですどれも美味しくいただけ、レシピの幅広さにはただ驚くばかり。また、お値段は各1500円程度とかなりお安め。噂に違わずオリジナリティと才能を感じるお味で是非またリピートしたいバーでした。<全文はこちらです↓>http://food-garden.net/foodpost/%E7%9F%B3%E3%81%AE%E8%8F%AF/
60,00004,BAR オーパ 銀座,銀座一丁目駅 80m / バー,3.88,82,東京都は銀座、銀座のバーはお値段が高いと嘆く方におすすめなのは、こちらのお店。場所的には銀座一丁目になりましょうか。こちらのバー自体も有名ですが、こちらが優秀なバーテンダーを輩出することでも有名だと思います。全国の名店で、こちら出身のバーテンダーさんが才能を輝かせていらっしゃいます。店内の様子を窺うと、まだお客さんはほぼいらっしゃらなかったので、３人で入店です。コロナ対策もしっかりされていまして、銀座のバーは意識が高いと聞きましたが、こちらもバッチリです。３人だったので、カウンター席ではなく、奥のスペースをあてがっていただきまして、隔絶されてカクテルを楽しむことができました。さて、最初はジントニック。このジントニックが美味しかった、シンプルなカクテルだけに技術もハッキリわかるのがこのカクテル。神々しさすら感じるジントニックで、これだけで本日の満足感はMAXまで上がります。そして、マンハッタンも美しいビジュアルで供されまして、香りから美味しいことがわかる完成度。ただ、この日はジントニックに軍配が上がりましょうかね。人も増えてきたので、２杯でそそくさと退散しましたが、久しぶりの銀座バーで心の洗濯ができました。
61,00004,BAR オーパ 銀座,銀座一丁目駅 80m / バー,3.88,82,4月のレビューをサルベージ。緊急事態宣言の禁酒令前のレビューであります。あとちょっとの辛抱で、バーで飲める生活が復活する、はず…復活した際に、馴染みのバーに満を辞して行くのは勿論だけど、いくつもある宿題店にも行かなきゃね。地方のバーを行脚するのはもう少し先になりそうだから、まずは都内を集中訪問。その時に悩むのは、行った事の無いバーを優先するか、行った事はあるけど思いを残したバーを優先するかだなぁ…ちなみにコチラは、そんな「想いを残したバー」。駅から近くて親しみやすくて。まだひとり飲みに慣れていなかった10年くらい前に何度か訪れていたものの。もうずーっとご無沙汰していたバーであります。ここのグループから巣立っていった有名バーテンダー氏も多く。そういう意味でも、行っておくべき基準店みたいな感じでしょうかね。昔の印象だと、割とソツのない感じ。でも、スタンダードカクテルなら「お店が」と言うよりは、「誰が」作ったかによって、大きくテイストが変わるし。当時はコチラの経験値も高く無かったからね。　改めて原点回帰みたいな感じで、訪れました。地下にあるけど、暗すぎない店内。ホテルのバーでバー飲みする事を覚えた方が、街場のバーにデビューするなら、こういうお店がいいんじゃないかな。注文したのは◆ボッチボール◆ブランデーサワー7時ラストオーダーに間に合うように、転がるように入店してトントンと２杯ほど。うん、美味しいです。やはり、ソツなく美味しいという印象（笑）尖りすぎていない事の安心感って言うかね。今度はそれぞれのバーテンダー氏のコンクール作品をリクエストしてみようかな。この日はあえなくタイムアップだったのと、お目当てのバーテンダー氏がお休みだったので、また改めてリベンジする事に致しましょう。
62,00004,BAR オーパ 銀座,銀座一丁目駅 80m / バー,3.88,82,【再訪中/追加⑥】星の数ほどＢＡＲがある､｢銀座｣(オーバー)｡そんな銀座でも､眩いネオンが輝く､８丁目の反対側の１丁目は､20年ほど前は､飲食店(特にＢＡＲ)は､多くはありませんでした｡私にとっては､１丁目の夜は､｢暗～い街｣でした･････｡　銀座１丁目の外堀通り沿いにある､｢わしたショップ銀座店｣の横を､銀座中央通りへ向かい､少し進みますと､交差点の横に､ぽっかりと開いた地下への穴があります｡覗いてみますと､階段があります｡少し降りずらい階段を降りて行きますと､目指すそのお店はあります｡ドアを開けますと､段差がありますので､お気を付け下さい｡左側に長いカウンターとバックバーがあります｡右側には､ウエィティング用の小さなテーブルをはさんで､スツールがあります｡店の一番奥には丸いテーブル席に４名様が座れます｡こちらのお店では､｢ご来店は４名様まででお願い致します｣｡との事です｡オーナーバーテンダーの大槻氏が､こちらにお店を開店された時は､寂しい所にＢＡＲが出来たな～と感じたものです｡今では人気店となり､満席で入れない事もあります｡大槻氏の手から､創られるカクテルはとても美味しいです｡若いバーテンダーの方が創られても､美味しいです｡ハードリカーも種類が豊富です｡珍しいボトルは､バックバーの左端に置かれる事が多いです｡フード類も美味しいです｡｢自家製ピザ｣は､生地から作りますので､お時間がかかりますが､オススメです｡銀座のオーセンティックなＢＡＲとしては､料金もお安めです。チャージが､500円で､ジントニックが､1000円(税抜)です｡｢オ－パ｣銀座店､門前仲町店で研鑚を積まれて､独立したお弟子さんの方々のお店､ 酒仙堂 や フォーシーズンズ に､Bar Tiareに加えて､Bar 内藤も､繁盛しています｡カクテルコンペティションで､優秀な成績を修められた方も多いですね｡特に､ＮＢＡ(日本バーテンダー協会)の全国技能競技大会での､総合優勝者は､1996年の東京大会の大槻さん以下､2003年の新潟大会の勝亦さん､2004年の神戸大会の水澤さん､2009年の東京大会の田畑さん､2016年の東京大会の松尾(白川)さん､孫弟子ですが､2014年の福岡大会の吉本さんと､大勢いますね～｡大槻氏の人の育て方には､感服致します｡今銀座で､この様に､弟子達が活躍しているのは､他には､ ガスライト さん系列でしょうかね～？｡ 2016年９月､開業20周年を迎えられました｡私は､時間が経つのが早く感じられる｢齢｣になりました｡【オーパさん＝大槻さんの気になるカクテル】｢ジントニック｣吞み初めの①杯目は､ズッーと､｢ビール｣でしたが､大槻さんの｢ジントニック｣をいただいてから､どのお店でも､初めは､｢ジントニック｣をいただく事が増えました｡シュワシュワ感がたっぷりあります｡ひと口目から､口当たりの良い､爽やかな味です｡バカラのアルルカンのグラスの､重たさも良く､オーパーの｢ジントニック｣＝｢アルルカン｣と思ってしまいます｡バカラなど､グラスの楽しみ方を､教えていただいのも､大槻さんでした｡｢ソルティドック｣グラスのふちの岩塩は､ハワイ産のものです｡ほんのりピンク色で､グラスを持つと、光のあたり具合で､ピンクの所と白い所があり､ネックレスの様です｡(ああ～ボキャブラが貧弱だ～(泣)｡グレープフルーツの具合によって味わいが変わりますが､バーテンダーさんが､腕をふるって､カバーしてくださいます(笑)｡｢モスコーミュール｣当初は､グラスで提供されていました｡いつの間にか､銅のマグカップに変わっていました｡やはり｢モスコーミュール｣は､銅のマグカップのイメージは､大切なのかもしれませんね｡でも､私(わたくし)は､グラスで創っていただく様､お願いする事が多いです｡【田畑さんのオリジナルカクテル】｢カンタービレ｣2009年の作品｡淡いピンク色のショートカクテル｡口に含むと､ちょっとクセがありますが､舌の上を通る時には程良いコクに変わります｡ノドに｢スッー｣と､落ちて行きます｡ＮＢＡ全国大会総合優勝｡【谷澤さんのオリジナルカクテル】｢エスティバン｣2018年の作品｡スピリッツベースのショートカクテル｡刺激は少なく､コクのある味わいが､口中に広がります｡ノドへと落ちた後も､口上に心地良い余韻が残ります｡マリーブリザールカクテルコンペティション､準グランプリ｡｢ナチュラルビューティ―｣2016年の作品｡甘さと酸っぱさを感じる味が､舌の上から､スッーと､ノドへと落ちて行きます｡少し刺激が舌の上に残りますが､心地良い刺激です｡爽やかな余韻が鼻へと上がっていきます｡｢ブレッシング･ブルーム｣2014年の作品｡淡いピンク色のショートカクテル｡果実を感じさせる香りが鼻腔を通ります｡やさしい口当りとフルーツ感を下の上に感じます｡少しだけ刺激が､舌の両側をチクチクします｡呑みほした後の､残り香も素敵です｡｢チークタイム｣2015年の作品｡ウォッカベースの店､淡い白緑色のショートカクテル｡色合いとレシピから､アフターディナー系ですね｡が､ひと口目に予想を裏切られます｡甘味はありますが､フルーツ感と､ほど良い刺激が､口中と唇に効いてきます｡細かい泡の口当たりの良さと､舌の上に残る刺激が良い印象です｡【追悼】悪い知らせは､いつも突然来ます｡｢大槻さんが亡くなりました｣｡短い文面のメールは､自分の周りの時間だけが止まったかの様な衝撃でした｡退院後は､痩せはしましたが､お店に出られるまで回復したと伺っていましたし､笑顔を見て､安心していたのですが･････｡自分より､お若い方が亡くなるのは､本当に本当に､嫌なものです｡あまりのショックに､二か月程､お酒を吞む気がしませんでした｡｢オーパ｣さんが開店して､１年目位に､初めてお店にお伺いした際は､銀座にありながら､肩ひじ張らずに吞める雰囲気と､(開業当初は)､17時から開店している数少ないお店で､とても気に入り､時々寄る様になりました｡若いスタッフの方が､カクテルコンペティションに参加される時は応援しました｡初期メンバーの樋渡さんが独立してから､何人もの方が､お店を巣立っていくのを見てきました｡お店を離れる方がいれば､新しくスタッフとして加わる方がいる｡その繰り返しを､｢ズッーーッと｣､大槻さんと見ていける｡そう思っていました･･････｡ご冥福を祈ります｡
63,00004,BAR オーパ 銀座,銀座一丁目駅 80m / バー,3.88,82,本日は銀座居酒屋一人旅。長崎での仕事を終え、飛行機で羽田空港へ。いつもはまっすぐ帰ってスポーツジムなのですが、たまにはお休みして銀座のバーへ。ご無沙汰している「オーパ」さんのカウンターへ。ジントニックからのスタートです。嗚呼美味しい！素晴らしいバーテンダーさんが育っていくバー「オーパ」さん。京都に行ってしまったバーテンダーさん、お嫁に行ってしまったバーテンダーさん、天国に行ってしまったバーテンダーさん。大変お世話になりました。最近マイブームのマルガリータをいただきましょう。無言の愛。絶妙なソルトと酸味のバランス。これぞ銀座のマルガリータですね。思い出す恋人の存在などないショテマエですが、大好きなカクテルです。せっかくですので、もう少しだけ銀座ごあいさつ回りといたしましょう。どうもごちそうさまでした！「BARオーパ銀座」東京都中央区銀座1-4-8光明ビル　Ｂ１Ｆ18:00〜27:00　※土曜は〜23:30日祝休
64,00004,BAR オーパ 銀座,銀座一丁目駅 80m / バー,3.88,82,2軒目に金曜20:00ごろ訪問。8割ほど入っており、流行っているよう。おひとりさまも多い。3人以上座れるテーブルは奥に1つのみ。○お通しバケットの薄切りポテチ感覚でパリパリと頂く。良いあてになる○ジントニック季の美という京都の人を使ったジントニックをオススメされて注文。○シーバスリーガル18年○アードベック ハーフロック○チョコレートオレンジピールやハーブが入った数種類。良いお酒のアテ。○チーズ盛り合わせ苦手なものも始めに聞いてくれる。今日は、カマンベール、チェダーチーズ、白カビチーズカマンベールと全粒粉クラッカーと相性◎レーズンが付いているのが嬉しい。ドリンクもフードもメニューないものがある。値段は、銀座にしては高くないが、それでもやはり少し高め。接客は丁寧で気が行き届いていた。落ち着いてお酒を楽しめる良いお店。この界隈でこの値段で美味しいお酒が飲めるなら、また来たい。ご馳走さまでした
65,00004,BAR オーパ 銀座,銀座一丁目駅 80m / バー,3.88,82,秋田の有名食べロガーであり、食べ友でもある「hiro0827」さんと東京で会食したのですが、その待ち合わせ場所にコチラのお店を指定されました・・。僕もかなりBARには詳しいつもりなんですが・・hiro0827さんの最近の経験値や知識には及ばないかもしれないなと今回感じました・・。もう彼も、なんというか「好き」とか「詳しい」とかのレベルでは無く、間違いなくメンドクサイぐらいのマニアの域に達しています・・(^_^;)彼曰く「BARオーパ」は、ジントニックに関しては世界一との評判なんだそうです・・。それを知らず、１杯目はジンリッキーを頼んでしまいましたが（最初に教えてくれよ(^_^;)）２杯目には噂のジントニックを飲んでみました・・。確かに・・ライムの皮が入ってないからなのかよくある独特のえぐみが感じられないし、包丁で切った氷が綺麗だし・・美味い！！もうこれは世界一（世界中のジントニックは呑んだことないけど日本のバーテンダーの技術は間違いなく世界一なので）という噂も頷けます・・。値段もいわゆる銀座価格では無く、地元秋田のバーと何ら変わりません・・。バーテンダーさんもカクテルだけではなくトークも達者なので、ゆっくり独りでも安心して飲める良いバーを紹介して貰いました・・。
66,00004,BAR オーパ 銀座,銀座一丁目駅 80m / バー,3.88,82,京橋での食事会の後、銀座あたりで飲みたいねという話になって探したところ、評価が高く、雰囲気も良さそうなこちらへ。5名で利用したので、カウンターではなく奥のテーブル席へ。テーブル席は良い感じの広さで、おしゃれなバーの雰囲気も味わうことができる良い場所でした。まさに銀座の本格バーと言える佇まいで、各種定番のカクテルをクオリティ高く仕上げています。また、気分を伝えてオリジナルのカクテルを作っていただくことも可能。おつまみは食事会の後ということもあり、シンプルにバゲットとオリーブにしましたが、これらも選び抜かれたものである感じが伝わります。カクテルはやはりこれも定番ですが、マティーニでしょう。香りが非常に良く、口当たりも優しいタイプで、強いお酒にも関わらず何杯でもいけてしまうデンジャラスな感じはありますが、実に美味しく、見た目も美しく仕上げられています。やはり銀座という土地柄かつ、これだけの雰囲気がある場所なので、王道のメニューを楽しむのが良いでしょう。
67,00004,BAR オーパ 銀座,銀座一丁目駅 80m / バー,3.88,82,座屋で土佐の食材の正月料理を頂いた後に寝酒をと向かったのは銀座一丁目のバッグのブランドRIMOWAの地下にあるBARオーパ銀座です。門前仲町のお店には何度か伺ったことがあるので、初めてでも安心して入ることが出来ました。急な階段を降りて厚い木製ドアを開けると、店内は狭くて奥行きのある造りでほぼ満席でしたが、幸いカウンターが空いたところだったので待たずに入ることが出来ました。オーセンティックなBARにしては照明は明るく客層も若い人が多い。伝説のバーテンダー、故 大槻健二氏が育てられた腕利きのバーテンダーが何人も居て、次々と注文をこなしています。とは言ってもお値段はスタンダードカクテルが1100円から、季節のフルーツカクテルでも1600円からという、銀座にしては安心価格。さっぱりとしたカクテルが呑みたかったので金柑のカクテルをオーダー。丸い金柑を半分に切ってボストンシェーカーに入れ、マッシャーでぐいぐいと押しつぶしたらウォッカを入れてシェイクして、ストレーナーで漉してカクテルグラスに注いで完成。金柑特有の苦味も無く、非常にすっきりとしたカクテルでした。前の店でもだいぶ呑んでいたので一杯でご馳走様しましたが、ドアを開けたら若者ご行列が階段を埋め尽くしていたので驚きました。こういうちゃんとしたBARでカクテルを飲もうという若者が増えているのだとしたら喜ばしいことです。
68,00004,BAR オーパ 銀座,銀座一丁目駅 80m / バー,3.88,82,"旦那さんが他のバーから推薦されたとのことで、「バードランド」からのハシゴ。旦那さんはマルガリータ→マンハッタン→バラライカ。私はフレッシュフルーツのカクテルを２杯。洋梨マスカットお聞きしていたバーテンダーさん（2016年「第43回全国バーテンダー技能競技大会総合」で優勝された松尾さんという女性の方）は本日いらっしゃらなかったのですが、旦那さんいわく、今日担当して下さった方もとても上手だとのこと。帰りに調べてみたら、田畑さんという店長の方で、「NBA第36回全国技能競技大会総合優勝」「IBA世界バーテンダーコンクールシンガポール大会4位」という凄い経歴の方でした。そんな方に、アルコール弱めで・・・という情けない注文をしまして、申し訳ないです。もう一つこちらの特長は、銀座なのにノーチャージだということ。（たぶん）お会計が安くて驚いたと旦那さんが言っていました。使ったお金：二人で5杯飲んで6,600円点数：４点５点：　ぜひ再訪したい！！４点：　機会があれば再訪したい！３点：　再訪してもよい。２点：　一度行けばよいかな。１点：　行く必要無し。"
69,00004,BAR オーパ 銀座,銀座一丁目駅 80m / バー,3.88,82,銀座にあるバー オーパさんに夕食前、訪問しました。他にも系列店「BAR オーパ 門前仲町店」があります。地下鉄 銀座１丁目駅から徒歩3分程度です。有楽町駅からも徒歩圏内です。銀座ビッグウエストビル5号館の階段を下った地下1階に店舗があります。カウンター11席、テーブルが12席用意されています。訪れた日もお客さんで満席の状態でした。銀座は物静かな雰囲気のバーが多いですが、こちらは賑やかで活気に満ち溢れています。「焼肉 うしごろ 銀座店」さんで夕食を頂く予定だったので、軽くお酒を飲むだけの利用となりました。■バスペールエール（生）850円フルーティで芳醇な香りとホップの効いたキレがたまりませんね。■ジントニック 1100円こちらで人気のカクテルです。さっぱりとして、香りも良いですね。■旬のフルーツカクテル 1500円～フルーツカクテルも種類豊富です。お酒に合うつまみも充実しています。店員さんの接客も概ね良好です。友人達と夕食前に楽しいバータイムを過ごす事が出来ました。銀座でリーズナブルに楽しく皆さんと談笑したい時にお勧めします。
70,00004,BAR オーパ 銀座,銀座一丁目駅 80m / バー,3.88,82,"数々の腕利きバーテンダーを創出する1996年開業の有名バー。銀座一丁目 "" BAR OPA ""「オーパ」とは驚きを意味するポルトガル語の感嘆詞。創業者で伝説のバーテンダー、故 大槻健二氏が客の驚くようなBARづくりを目指したことと、開高健氏の小説のファンで、アマゾン釣紀行『オーパ』からとったものだそうだ。階下に降りる階段の途中から店内が見える。僕のイメージする重い木製の扉を開けて入る銀座の薄暗いオーセンティックBARのイメージとは少し離れた賑やかな雰囲気。カウンター席とテーブル席からなる店内の照明は明るめ。ハード面よりもバーテンダーの技量と個性で勝負するBAR。恐らく、銀座のバーは敷居が高そう、、とお思いの方でも肩肘はらずに愉しめるBARかと。良心的な価格ですし。このコンセプトと雰囲気は2号店である門前仲町店にも受け継がれています。こちらでまず飲むべきはやはり、、、""ジン&トニック"" 誰もが知っているあまりにポピュラーがゆえに、わざわざ銀座のBARで注文するのが憚られるようなカクテルですが、それだけにそのBARの方向性をしっかりと顕す、故 大槻氏こだわりの一杯。大きめのバカラグラスでたっぷりいただく、オーソドックスなビフィーター使用の少し甘めで口当たりの良い一杯。とても品の良い飽きのこないテイストです。数々のコンクールで受賞するバーテンダー達によるオリジナルカクテルも充実。ベースと好みを伝えれば、素材にこだわった間違いの無い一杯をご提供いただけます。特に産地を厳選した旬のフルーツカクテルはハズしません。これからも通いたい銀座の名店です。"
71,00004,BAR オーパ 銀座,銀座一丁目駅 80m / バー,3.88,82,"今も、昔も、これからもOPA。大槻健二さん、ありがとう。2016.12.23　特別営業日所要で午後のティータイムから銀座に居たので、営業前のOPAの前を通ったら中の灯りが見えた。祭日は、休業日のはずなのに営業する予感。丸の内線で池袋に移動し、丸の内線で銀座に戻ってきて、OPA直行。この日のあの時間帯に、OPAのカウンターに座らせいただけたことを、とても嬉しく思います。OPAは、私にとって、癒しの空間であり、勉強させていただく場所。お決まりの、ジントニックから始まって２杯、「マティーニ」「樽生バスペール・エール」「シェリー」毎回思いますが、ジントニックは、本当に奥が深いカクテルだ思います。運が良い日だったので、大槻麗子代表お手製の「ビーフシチュー」をいただく。まいう♪このビーフシチューは、定番メニューではないそうなので、食べられたらラッキー。矢澤さんのチョイスでの「シェリー」は、久しぶり。思わず、シェリー酒をいただくときの定番文句　「Oh,Sherrie」(Steve Perry)と叫びたくなってしまった。(笑)大槻麗子代表から、当日ご来店のお客様へのクリスマス・プレゼントということで、周年祝いのプレゼントとは違うプレゼントをいただいて、van-vieへ。もしかしたら、２０１６年の〆の御挨拶になってしまうかもしれないので、BARだけに、「酔い(好い)お年をお迎えください」の御挨拶もさせていただいて・・・。2016.11第43回ＮＢＡバーテンダー全国技能競技大会総合優勝の松尾(白川)民子さんにお祝いを申し上げたく、女性陣と一緒に伺いました。この後、「van-vie」で「北海道産 野生のカルガモ」を食す予定があったので、ファーストカクテルは、定番の「ジントニック」２杯目は、総合優勝作品の「ARIOSE　アリオス（美しい旋律）」(今回で３杯目)〆の３杯目は、第36回総合優勝の田畑店長のお勧めで、「ブラック・ニッカ、ブレンダース・スペシャル」(ブラックニッカ誕生６０周年記念)を封切させていただき、ストレートでいただきました。まいう♪(注意)まいう♪で有名な、「ホンジャマカ」の石塚英彦さんは、横浜市保土ヶ谷区の御出身です。上野毛駅で厳寒の２月に偶然お会いした際も、定番の格好でした！(驚)余市を愛する道産子には最高の一杯でした！！！感謝。ちなみに、石ちゃんの地元で、悪い噂は、一度も聞いたことがありません！！！2016 IBA世界大会直前２０年ぶり(前回は、１９９６年開催)に日本で、IBAの世界大会が開催されます。それに合わせて、銀座のBARはもちろんのこと、日本のウヰスキー蒸留所も大変なことになるのではないか？と思っております。私も、余市蒸留所に世界大会終了直後に伺う予定になっています。(滞在時間１時間以内)今宵は、自室で、OPA銀座店で出されるお水と同じ物を使い、純氷を割って日本での終売が決定したハイランド・ウヰスキーをいただいています。あっつ、言い忘れました。また、社長＆スタッフを驚かせに行きますね！！！銀座の(一流)バーで、「とりあえずさん、今日は・・・」と初めて言われました。ならばと、伺った別の銀座のBARでも同様。飲んでも酔えない？銀座BARです！！！(どこのお店に伺っても、顔が割れている私ですが、そう言ってくれるBARは、本物のBARです。)2016　OPA２０周年記念まずは、銀座店に伺い、タクシーで門仲店に移動しました。銀座店の店内、店外に２０周年のお祝いの花がずらり。。。それを見ただけで、お店の凄さがわかります。お花といえば、BAR「フォーシーズン」のお花もすごいですが・・・この日も特等席にご案内いただき、お祝いの花の間からからカクテルが出てくるという、普段ではありえない光景でした。周年の時は、特別なお酒が特別価格で用意されていまして、銀座店と門仲店で同じお酒とならないように配慮されていました。2016.5岸さんのところが待ち無しで入れたので、２軒目で。本来は、OPAは、１軒目です。銀座でありながら、銀座価格ではない庶民派？価格設定のオーセンテックBARのOPA、いろんなお客様に来ていただきたい。というお店側の思いが感じられます。定番のジントニックを。こういうシンプルなカクテルは、本当に難しいです。樽生バスパールエールを、バーテンダー指名でお願いする。はっきり言えば、とりあえずの認定試験です！！！とりあえずの「OK」出ました(嬉しい)。OPAの社長さんにも生報告。お客様から、お金をいただく以上、お客様に納得していただける物を提供しなければなりません。某君、成長したね(嬉)先輩達の視線を浴びる中、めっちゃくちゃ緊張してたけど、私に提供したものを毎回それ以上の品質でお客様に提供しなければならないことを肝に銘じておくこと。酒の世界は一期一会。たった一度のことで、お客様が無言で疎遠になってしまうのです。とりあえず認定試験？合格のご褒美に、GWに余市蒸留所に行ってきたので、そのお土産を。バーテンダーが身に着けているバッチですが、スタッフにお好きなものを選んでいただき、私の目の前で付けてくださいました。(感激)白川さん、今秋の世界大会、てっぺんとって下さいね！！！願ってます。価格＆接客＆技術の三位一体揃った、私が大好きな、OPAです！！！今回も、またまた、タクシーで門仲へ。(癖になりそう)2016.4銀座１丁目の某バーの行列の真意を確かめるべく、銀座に向かう。外国人カップルが入ったところで、お一人様の私は満席で入れなかったので、こちらへ。ドアを開け、前回同様、特等席に案内される。これぞ、銀座のバーという空気を感じさせてくれる。バーテンダー達の髪、服装、話術、どれをとっても、銀座に相応しい。通常、オーセンティックなバーは、バーカウンターの中央の席が特等席と認識されているが、それは正しくない。こちらのバーでは、カウンター一番奥の席が特等席と認識されているらしい。特等席に準ずるのは、故・成田一徹先生の切り絵の前でしょうか？矢澤さんに、ピッツアをお願いする。私のために作って下さるピッツアで、ピッツア担当を卒業するとのこと。(驚)もちろん、今までで最高の出来のピッツアで、これを、樽生バスペールエール２杯で流し込みました。「ウヰスキーは？」で、(特殊品を)リクエストして、出されたのは、山崎の2016年シェリー。地上に戻り、斜め前の地下にある某店の行列を横目に、タクシーで門前仲町店へ。１９９６年のバーテンダー日本一が、店主の大槻健二氏なのです。1996年東京での国際大会記念号「ガゼット」手元にあります。2016　Ash Wednesdayキリスト教国ではない日本でも、クリスマス、バレンタイン、母の日、父の日、St．パトリック・ディなどが祝われています。Thanks Giving Day や Easter は、いま一つ。と言ったところ癒しの一杯(いっぱい？)を求めてOPAへ。席は前回と同じ席。厠に行って床が洪水に驚きました。「狙いを定めて。」という居酒屋もあったりしますが、今時、洋式便器の使い方を知らない殿方がいるんですね。スタッフを呼んでもよかったのですが、とりあえず３分で掃除しました。次のお客様に気持ちよく使っていただきたいですし、私が巻き散らかしたと誤解されたくないですから。ジントニック → ニッカウヰスキー(特殊品) →ウォッカ・マティーニ(ステア)→グリーン・アラスカ→〆の日向夏のオリジナルカクテルウォッカ・マティーニは、(BELVEDERE 007 SPECTRE) をステアでお願いしました。田畑さんのピールの美しい動作、キレのある素晴らしいマティーニでした。沼津「VICTORY」の河守勝次郎先生が、「マティーニは、ステアです。絶対にシェークはしません！」と目の前で言われたことを思い出します。白川さんの「グリーン・アラスカ」まいう♪矢沢永吉さんファンの某バーテンダーにお願いすることが多いのですが、時々、飲みたくなります。まいう♪矢澤さんに、オムレツをお願いしました。美味しゅうございました。ソースまできれいに完食。日向夏は、食べても美味しいのですが、宮崎「ひでじビール」の日向夏ビールも好きだったりします。さすがの日向夏のカクテルでした。2016．新春飲食店に個人情報を出すことは、ほとんどしませんが、昨年閉店された、横浜・野毛「みかみ」さん、銀座「ＯＰＡ」さんには、自宅住所を明かしています。ＯＰＡから年賀状をいただきました。京都の下鴨茶寮さんから、四季毎に直筆のお葉書をいただいていたことがあり、私、そういうのに弱いんです。ということで、関内の「ザ・バー・カサブランカ」から京浜東北線で有楽町(京橋口)へ移動。札幌の丸井今井さんの「北海道どさんこプラザ」に寄って初めて、カウンターの最奥席でした。この日は、ジントニック２杯、樽生バスペールエール２杯、テキーラギムレットそして、矢澤さん手作りのピッツア。をいただきました。矢澤さんが、私の目の前で粉からやってます。(嬉しい)最近、都内でも、粉から打つラーメン店(私も伺いました)がありますが、ピッツアと蕎麦は、お客様の目の前で打つのが基本だと感じています。ピッツアも、クリスピータイプがＢＡＲには向いていると思いますが、「暖かいものは、暖かいうちに。」で、「もう食べたの？」と言われるくらい速攻でいただきました。私がカクテルを教わったのは、ＧＨＱのバーで働いていた方で、世代でいえば、私の切り絵も作成して下さった、札幌「ＢＡＲ山崎」の山崎達郎先生と同年代です。山崎達郎先生に、その方の名前を口にしましたら、ご存じでした。師匠には、「ショートカクテルは３口で。冷たいものは、冷たいうちに。暖かいものは、暖かいうちに」と厳命され、それが体で教わったことの一つです。矢澤さんが一生懸命に作っている姿を見て、嬉しかったです。「人は、なぜ、銀座に来るか？」金色の社員バッチ(役員待遇)でお会計できる人たちだけが銀座で飲んでいるだけではなく、私たち、一般庶民も日頃のご褒美として、銀座の一流ＢＡＲ「ＯＰＡ」で飲めるんだ。ということを実感させてもらっているＢＡＲです。これだけいただいたので、「お会計、お安くない？？？」と突っ込みましたが。「きちんと、いただいています。」とのことでした。ちなみに、私の場合は、銀座のＢＡＲは、飲みに来る。というより、癒しを求めて伺っています。ちなみに、ＯＰＡで出されているチェイサー(お水)ですが、「常温ですか？氷を入れますか？」と聞いて下さいますが、私は、基本「氷なしです」自宅でのチェイサーのお水は、何種類か使っていますが、ウヰスキーをいただく場合は、ＯＰＡで使っているものと同じ物を常温で使っています。＝＝＝＝＝＝＝＝＝＝＝＝＝＝＝＝＝＝＝＝＝＝＝＝＝＝＝＝＝＝＝＝＝＝＝＝＝＝＝永遠に！ライオン７丁目店で海老原ビールを堪能した後、OPAデビューの30年来の親友を連れて伺いました。金曜日なのに、待なしで入店できたのは、とてもラッキーでした。こちらのお店で、ジントニックを飲むことをとても楽しみにしています。私に、ジントニックの難しさ、美味しさを教えてくれた一人が、オーナーの大槻健二さんでした。それからというもの、どこのBARでも、必ずといっていいほどGIN SONICをオーダーしてきました。銀座でGIN TONICをオーダーするのは、OPAとフォーシーズンズくらいなものです。OPAは、ビフィーターを使ったジントニックです。大槻魂の一杯です。まいう♪バスペールエールの樽生もいただきましたが、しっかりした仕事をされてます。まいう♪銀座を愛し、店を愛し、人を愛した大槻さん・・・大槻さんに会いに行くために、OPAに行っていた。と言っても過言ではないと思います。先客は後客のために席を開けるのがバーのルール。お会計時に、「大槻（健二さん）は、亡くなりました。」と奥様から伺って、言葉を失ってしまいました。大槻健二さん、ありがとう。永遠に！銀座のバーはたくさんありますが、私にとっての第一選択のBARは、今も、昔も、これからも、OPAです。＝＝＝＝＝＝＝＝＝＝＝＝＝＝＝＝＝＝＝＝＝＝＝＝＝＝＝＝＝＝＝＝＝＝＝＝＝＝＝＝＝＝＝＝＝＝＝＝＝２０１５．３銀座のバーに女性同行で行くのは、実は、２回目です。私が初めて女性を連れてきたので、スタッフの方々は驚かれたと思います。1回目は、女優の宮沢りえさんが日本酒を楽しむ店でしこたま飲んだ後、同行の彼女のリクエストで銀座の某バーへ移動。保志さんのところで、保志さんご本人に、デートなら１００％成功するだろう？カクテル等をお願いしました。(デートじゃなく、お酒の勉強のためです。)お酒が強くないので、フルーツを使ったもので、お勧めでお願いをしたのですが、イチゴのカシスを使ったカクテルで、ノンアルコール？と思ってしまわせる逸品が提供されました。その彼女は、２杯目に「ジントニック」をオーダー。「美味しい、普通に飲める。」とのこと。嬉しかったです。私は、黙って提供された「ジントニック」(1杯目は、必ず、これを頼みます。)お勧めでお願いした「桜マティーニ」大槻魂が詰まった「テキーラ・ギムレット」馬舌スモークに合わせたお酒をリクエスト(ジョニーウォーカー：ダブルブラックのハイボールが提供されました。)カクテルの王様「マティーニ」の5杯。最高の時間をありがとうございました。２０１５．２やっと、２０１５年の新年の御挨拶に伺えました。２０１５年夜の部の銀座は、初銀座ですファーストカクテルは、矢澤さんが声をかけて下さった、こちらから言わずとものジントニック。矢澤さんにオムレツをリクエスト・・・美しい。。。プロの業です。私も、オムレツは、３０年以上愛用かつ専用のマイ・フライパンで作ってますが、本当に納得できる出来は数少ないです。２杯目は、田畑さんのオリジナルカクテルで、Half Snowのアフターディナーすばらしいカクテルで、銀座No.1の投票をさせていただきました。３杯目は、矢澤さんにお勧めをお聞きしてのシェリー・トニック？ソーダ？４杯目は、木戸さんの「テキーラ・ギムレット」とOPA王道まっしぐら。５杯目は、「マッサン効果？」のニッカで、８０周年記念の逸品をいただきました。〆の６杯目、カクテルの王様「マティーニ」いかせていただきました。田畑さんに、初めて「お好みのジンはございますか？」と聞かれました。そう聞かれて、やっと、OPAの常連の一人にしていただいたのかなぁ？。と実感。いじわる？な私は、在庫がなさそうな某ジンを指定。その在庫がなく、おまかせ(No.3 Gin)でお願いしましたが、すばらしい一杯でした。このジン、自宅でも１本以上飲んでますが、まいう♪２０１５年初銀座は、翌朝早いので、OPAだけで帰宅しました。私がお世話になっている内科の主治医は、ウヰスキー好きで診察待合室にウヰスキーの本が置いてあります。その表紙を飾っていたのが当時のOPAスタッフのの山本悠可さんでした。(懐かしい・・・)この本、ハイボールについて詳しく書かれていて、参考になりました。２０１４．８手術＆退院後、初の銀座。やはり銀座は花金が似合います。無様な姿をお見せするには忍びなかったのですが、体と心がOPAを欲してました。カウンター左端の成田一徹先生作切絵の大槻健二氏の前に座らせていただく。ファースト(ウエルカム)ドリンクは、お決まりの「ジン・トニック」。２杯目も同じものを。バカラの重厚なグラスでいただくOPAのジントニックが好きです。３杯目は、目前の白川さんに、お任せでお願いした。全国大会出場作品が出てきた。このカクテルをいただくのは３度目だが、大会後は初。私個人は完成度の高いすばらしいカクテルだと感じていることを、目の前のご本人にお伝えした。定番で飲めるようになったら嬉しいとも。オムレツをオーダーした。単に、無性にオムレツが食べたくなったから。バーテンダーは調理師資格を有している。と、カクテルの街「旭川」のバーで聞いたことを思い出した。ならば、オムレツでしょ？？？矢澤さん作のオムレツ。見た目はパーフェクト。オムレツの美学・哲学にも合格。感動したその味に添えのパンをおかわりしてソースを食べつくしたかった。自宅ならお皿を舐め尽したかもしれない。相当練習しなければあのオムレツの域には達することはできません。高い技術で作られたオムレツが銀座であの値段でいただけるなんて、嬉しいです。９月に１８周年を迎えられるのに合わせて？木戸さん作のシーバスリーガル１８年のハイボールを。まいう♪〆は、死者からの復活の意味を持つ「Corpse Reviver」退院からの復活というこで・・・このカクテルは、忘れもしない東日本大震災当日、帰宅しようにも帰宅できず、真夜中に「何でもいいから食べさせて！」と入った旧知のバーでバーテンダーに教えていただいて飲んだのが最初。田畑さんに、スタンダード・レシピ(No.1)でお願いした。最高＆感動の一杯、ありがとうございました。感謝。２０１４．５茨城マルシェからOPAに向かっていた際、お客様を見送っていた白川さんの後姿を偶然見かける。武道をやっていた人なら分かると思いますが、「こころ」が入っているお見送り。他人が見ても、とっても気持ちがいいものです。またまたカウンターで一席だけ空いていた席に通される。田畑さんに「ジン・トニックですか？」と聞かれ、ワインや日本酒のテイスティングの後だったので「今日は、ビールを・・・」。OPAでは２回目の「バス・ペールエール」飲み終わって絶妙のタイミングで、黙って「ジン・トニック」が出てきました。いやぁ、嬉しいです。こういう心遣い。「人は、何故、バーに飲みに行くのでしょうか？？？」その答えのひとつが、飲み手（お客様）の心をつかんだバーテンダーのサーヴィスにあるのではないでしょうか？ビールをいただいたせいか？奥のトイレに行く際に偶然目に入った「大槻健二のカクテルブック」早速、購入させていただきました。（2014.1.31発行、自費出版）いやぁ、すばらしい！！！カクテルブックは、日本語になる前のSAVOYのカクテルブックなどを持っておりますが、私も熟読した「人は何故バーテンダーになるか？」の海老沢さんの本以上の感動です。オーナーバーテンダーとして、父として、夫として・・・・本当にすばらしい一冊です。バーテンダーでなくても、男として、父として、会社経営者etc.として読んで欲しい一冊です。「バス・ペールエール」「ジン・トニック」「テキーラ・ギムレット」「竹鶴２５年」「伊達」（炭酸をチェイサーで）２０１４．３私個人も昭和の時代からお付き合いがある「開高健」さんが愛された湘南の名店「尾島肉店」大好きな「レバーケーゼ」「コンビーフ」をお土産にすべく伺う。尾島肉店の社長さんに「これから伺う銀座のOPAというBARへの手土産なんです。」と話しましたら、「行ったことはないけど、聞いたことがあるBARです」と言われました。初めて保冷剤を入れて包装してくださいました。許可をいただいて開高健さん直筆物などの店内写真を撮らせていただきOPAでお見せしました。この日は、ニッカウヰスキー余市蒸留所内売店レジで全員が身に付けている３種のうちの一つ「キング・オブ・ブレンダーズのネクタイピン」をフラワーホールに付け、昨秋、奥様自筆のOPA１７周年の御案内状を自宅に頂き、その時いただいた記念Tシャツを着て伺ったのを田畑さん以下のスタッフにしっかり見てもらいました。花金のゴールデンタイムで満席覚悟で伺ったのですが、白川さんに２回連続でカウンターで一席しか空席のなかったド真中(センター)席に案内され恐縮しまくりでしたが、そのおかげで店長の田畑さんや、白川さん等の美しい仕事を拝見させていただくことができました。ここでは、必ず、定番の「ジントニック」からスタート。「竹鶴ピュアモルト・シェリーウッドフィニッシュ」をストレートで。「テキーラ・ギムレット」〆には、「伊達」のソーダ割り掟破りの４杯でしたが、今宵も最高でした。OPAでした！！！福岡での第41回全国大会出場選手の御健闘を祈念しております。私がOPA銀座店に行く最大の理由は、接客のすばらしさです。数ある銀座のバーで、OPAは接客の最高位に位置付けしています。いつも、ありがとうございます。この後、日比谷の「鳥こまち」さんへ。２０１３．５お気に入りの南青山のヘアサロンから銀座線で京橋へ移動オーナー大槻健二さんの御写真や成田一徹先生の切り絵の前の席に座らせていただき、まずは、ジン・トニックを２杯。木戸さんオススメの「日向夏のカクテル」（ショート）、ほとんど好みを言わない私が可能な限りドライで！とお願いした「マティーニ」「ホワイト・レディー」〆は、お言葉に甘えさせていただいて、店長の田畑道崇さん御指名で大槻魂が詰まった感動の「テキーラ・ギムレット」を。この日、銀座で初めてバーでの1軒３杯の掟を破りました。特別な日だったからです。バーの聖地「銀座」バーテンダーの大会で２００９年度の全国チャンピオンの経歴を持つ田畑道崇さんは、私の目の前に移動して下さってシェーカーを振ってくださいました。これまで、いろんなバーテンダー（全国チャンピオン＆世界チャンピオン）の練習を見させていただいています。カウンターの端から端でも素晴らしい音が聞こえていましたが、眼を閉じて心の目を開いて全神経を集中して聴かせていただきましたが、これほどまで見事に調和した音、美しいシェーキングは、本当に本当に久しぶりで、最も私好みのシェーキングです。バーでのシェーキングで、これ以上のサーヴィスがあるでしょうか？あったら教えてください！！！この夜、銀座で何人の全国チャンピオンの称号を持つバーテンダー達とお話したでしょうか？決して忘れることが出来ない夜になりました。私がマティーニ等を頂く際、必ず背筋を伸ばします。１９９９年度のバーテンダー全国チャンピオン曰く、「とりあえずさんのような、バーテンダーを緊張させる飲み手は、こちらも緊張します」とのこと。オーパのすばらしいスタッフはもちろんのこと、たえず刺激することができる飲み手であり続けたいと思っています。２０１３．２.２２（金）ライオンビアホール7丁目店で海老原さんのビールを堪能した後の久々の銀座のバー。手元の「BARTENDER’s　MAGAZINE」のGIN TONIC特集号は、大好き＆大切な号です。本来は、真っ先にこちらに伺うべきなのですが、帰路等を考えてHard Shaking Bar「TENDER」の次に伺うことになり、今宵の〆となってしまいました。銀座のバーは必ず「OPA」には伺います！！！花金ということもあって、カウンターには大勢のスタッフが、そして、大勢のお客様が。OPAでは、必ず１杯目にお願いするのは、GIN TONIC。今宵は、おすすめの金柑を使ったカクテルをお願いしました。一杯目は、ウオッカベースで。あまりの素晴らしさに２杯目をお願いしてジンベースで作っていただきましたが最高！！！金柑って塗るものじゃなくて食べるものです！！！自宅では、無農薬金柑をほうばりながら自作のジンリッキー、ジントニックなどをいただくことがありますが、一流のバーテンダーが作ったものは最高ですね！！！帰宅して、種子島産「蜜芋」を長時間タジン鍋で蒸したものでこれまた一杯。金柑カクテルの味が忘れられない最高の夜になりました。お店のスタッフに食べログIDを明かしました。実は、私も大槻さん同様剣を持っていたことがあります。剣を持つ人は真面目な人です。（私は例外ですが）次回、お約束のカクテルをいただけることを楽しみにしています。１、お店から投稿の依頼を受けたかどうか？　お店からの投稿依頼はありません。２、私がお店に伺った際にお店に御来店中だったお客様から投稿の依頼を受けたか？　投稿依頼はありません。３、投稿依頼があった場合、投稿内容について要請・要望があったかどうか？　要請・要望はありません。"
72,00004,BAR オーパ 銀座,銀座一丁目駅 80m / バー,3.88,82,今年で20周年を迎えた銀座のオーセンティック・バーです。元オーナー・バーテンダーである故・大槻健二氏から薫陶を受けたバーテンダーは数知れず。現在は奥様の麗子様が代表を務められています。大槻さんのお話は方々でよく伺いますが、良い話ばかり。女の尻ばっかり追いかけているとの評判が大半のM利さんとは大違いです。初訪問は大槻さんがまだご健在だった頃になります。まずはシェリートニックから。果物の有無等を細かく確認してくださいます。果物等は一切無しで。シェリーは辛口(ラギータだったかなと)、トニックはシュエップス。個人的には、シュエップスは甘め・軽めと感じてしまいますが、後半になっても美味しいのはさすが。続いて頼んだのは、こちらの代名詞的存在のジントニック。ビーフィターとシュエップスだったと思います。こちらのジントニックにはカット・ライムもスライス・ライムも入っていません。そして量が多め。お腹がタポタポになります(笑)。量は多いですが、こちらも飲み疲れません。当然ですが、ジンもシェリーも冷やされています。〆の三杯目はアリオスというショートカクテル。女性バーテンダーの白川さんが今年の全国大会で優勝されたカクテルです。マスカットやマンゴーの風味・甘味が印象的な一杯。ちなみに、白川さんは、私が店の奥のテーブル席でお金を落とした際、追いかけて来てお金を届けてくださったことがあります。何年か前の話なので、向こうは覚えていないでしょうけど。ついでに言うと、そのお金は翌日にでもJRAに積み立てたはずです。コンペ受けだけでなく、実際のお店でのパフォーマンスも高いです。京都の世界大会優勝者のお店と違って、オペレーションが悪いなんてこともありません(笑)。雰囲気やサービスは堅すぎず、緩すぎず。十分行き届いていると思います。バーに不慣れな方でも緊張を強いられるようなことはないはずです。絵里香、ダルトン、毛利バー、テンダー等と並ぶ銀座の名店と呼べるのではないでしょうか。それでいて、価格は実に良心的。上記三杯にチーズの盛り合わせもお願いして、お会計は5000円強。一丁目とはいえ、安いと思います。日頃からバーに行かれる方はもちろん、特に銀座のバーに行ったことがないという方に強くお勧めしたいお店です。
73,00004,BAR オーパ 銀座,銀座一丁目駅 80m / バー,3.88,82,16/09/27有楽町、銀座ぶらぶら夜な夜な歩いている時に、近隣に良いバーがないかな…という事で、2軒目のハシゴで立ち寄りました。お店は地下一階、ゆっくり階段を降りてお店に入ります。店内はほぼ満席状態です。流石に銀座の夜9時はまだまだ早い様でして、盛り上がっています。中にはビジネス談義で盛り上がる方とか…注文はマティーニを。キリッと冷えた、また写真のとおりグラスの縁近くまで入ったそのマティーニは口に運ぶまでに一苦労する程でした。ややドライ目な感じも、言わなくても希望を叶えてくれた様で少しいい気分。カウンターはほぼ2名以上でのお客でしたが、私はもちろん一人で、色々と物思いにふけながらチビチビマティーニを飲んでいます。特段話し掛けてくる感じもなく、いい間合いが取れており、私的には非常に好都合です。店内には女性が2名、男性も2軒目だった様な気がしましたが、帰ってお店の情報を確認すると、店主は女性の方々だった様でして。色々と細かい所まで行き届きそうな感じもして、益々印象的には良かったと思います。そんな感じでしたが、やや賑やかだったので、マティーニ一杯で失礼しました。
74,00004,BAR オーパ 銀座,銀座一丁目駅 80m / バー,3.88,82,2016/6/28に訪れたお店、タイトルは同僚が冗談で「銀座のクラブ何時行くの」何て冗談をいます。大体この辺りの営業所で働いているらしいことバレバレですが「七夕様みたいに一年に一辺それも今は何とかやっと行けるところも有るらしい」何て冗談を言う時が有るのですが、このお店も銀座のバーでは良心価格のお店ではないかと思います。クラブもバーも銀座では五秒で破産なんて感じではなくたまに訪れるならば店舗の入り口に価格表が有るのが何よりもうれしいですね今度7月に入ったら今は何とかわたくしにも行ける価格のクラブが今は有るらしいので1年に一辺七夕様みたいに行ってみるんなあ(笑い)本文　たまに気分転換のためにバーに行きますが実はカクテルの知識などそんなには有りませんがサイドカーと言うカクテルを注文いたしました。ブランデーベースのカクテルで技法はシェーク(シェーカーシャンシャカとふる)を使う度数は案外強いです。オールデーに楽しめます。有名なマルガリーターとかX. Y. Zとかバラライカはこのカクテルの変奏(バリエーション)口当たりは丁度いいものジン・フィズもシャカシャカでした。やはりバーに来たらシャカシャカ見るの楽しみジンフィズはやや弱いカクテルかなあいずれにしてもカクテルは知識は素人ですが　何よりも女性のバテンダーの方とお話して「カクテル何てほとんど知識無いんです。」と言ったら「ベースのお酒ブランデーとか言ってくれたりすればいいんです。」何て初心者にもうれしいお言葉わたくしのお勧めは看板に書いてある飲み物を飲んでチーズでも頼めばいいのではチーズももともと好物で美味しかったです。カクテル作りの技術はステアとかビルドとかの技術が有るらしいのですが何と言ってもシャカシャカシャカがお勧め本日は両方ともシャカシャカシャカでした。評価は4といたします。接客もわたしはバーは素人なので　接客が玄人好みの方はかえって物足りないかもしれませんがとても満足致しました。バックバー(カウンターに座った時に正面に見える酒棚をいうらしいのです)はやはり魅力的で素敵でした。銀座のバー入門店にお勧めにバーは難しそうで嫌だと言う方にはお勧めです。銀座の柳通かなあに有ります。地理的にもわたくしは行きやすいと思います。デート向きだと思います。
75,00004,BAR オーパ 銀座,銀座一丁目駅 80m / バー,3.88,82,２０１６・６・８②美味しい肉、食べたのち～１軒目から徒歩１分弱。「ＢＡＲ　ＯＰＡ」へ☆「バー　オーパ」は、銀座一丁目の並木通りと、柳通りの交差点一角にある地下のお店。この前載せたバー「スタア・バー・ギンザ」の向かいあたり～。１９９６年９月にオープンした、オーセンティックバーです。門前仲町にもございます。階段下にある、この丸い木の看板は手彫りだそうです＾＾オーパ！とはもともと、ポルトガル語で驚いたときに使う“おお”という言葉で、開高健のアマゾン釣紀行『オーパ！』からいただいたんだそうです。ブラジルなど南米で大きい魚を釣ったり、美味しいものと出会ったり、美味しい酒を飲んだりした時、「オーパ！オーパ！」と叫ぶんですって～とのこと、“皆様に美味しい、楽しい驚きを提供いたします”がコンセプト＾＾入ってすぐにボトル並ぶカウンター。カリンの一枚板を利用しています。・・・とありましたが、一枚板だったかな？？？笑後ろにはハイチェアーのテーブル。奥にもテーブルありました。チャージは５００円と、銀座のバーとしてはリーズナブルな設定！ドリンクメニュ～の１部。　ぶれずにまずアレマンハッタン(１３００円)☆おいすぃ～オーパオーパ！チャーム☆ガーリックメルバトースト的な。カリカリ～お連れさんのパッションフルーツのフレッシュカクテル(１６００円～)☆一口いただきましたが・・・・うまい！ジュースのようですいすい入る～向かのい「スタア・バー・ギンザ」で念願だったカクテルを、こちらでもって～サイドカー(１４００円)☆オーパオーパ！フードメニュ～チョコレート(６５０円)☆良いチョコレート盛り合わせね＾＾オレンジピールのチョコレート、やっぱりスキ・・・・・コーヒー豆入ったヤツも、板のやつも。・・・みんなやんｗ新発売！アードベッグダーク・コーヴ☆先日の５月２７日に六本木で行われたアードベッグ・ナイトにて日本では初お披露目になった、アードベッグ蒸留所がリリースする新銘柄♪でも私この１週間で２回飲んでいた・・・・写真撮ってるのに覚えてないって・・・ヒドいｗお連れさんの～キウイのフレッシュカクテル(１６００円～)☆こちらも一口いただき。やっぱりうまい、フレッシュカクテル＾＾そして飲みやすい。最後に一杯。酔っ払いそうだけど・・・だけど・・・・・・・・いっちゃおマティーニ(１４００円)☆昔は必ず頼んだマティーニ、その後一時期封印気味だったマティーニｗｗｗしかし最近は頼んじゃう。やっぱり美味しい。。最後に撮ってたこれ・・・・なんだろーーーｗｗｗオーパオーパオーパｗｗｗｗｗご馳走さま(o^_^o)
76,00004,BAR オーパ 銀座,銀座一丁目駅 80m / バー,3.88,82,まず、頂いたのがジントニック。他のレビューでな評価の高いカクテルではあるが、結論から言うと僕は好みではなかった。ジンはおそらくビーフィーター47度を45ml使っていて、かなりボリューム感がある。ライムはジュースを搾っていれるのだが、これがいただけない。そもそも絞り方がエグ味と苦味の出やすい搾り方だった。トニックウォーターはシュエップスを注ぐ。ステアは氷を崩さないようにグラスの側面に沿うようにキレイにステアしていく、これは半端ない技術の高さだと感じた。ただ、ステアの回数が多すぎる。どんなにキレイに混ぜてもあれだけの回数混ぜたら炭酸は飛ぶ。それに加え、搾り方に問題があったために、ライムジュースの油分が混じり切らずに表面に浮き、常に味わいにエグ味のを与えてくる。ジンのボリュームが強く、前述したように炭酸の飛びもあり、全体として重く爽快感はない。申し訳ないが、僕は飲むのがきつかった。好みの問題だろう。フレッシュフルーツのカクテルも頂いたが、イマジネーションのある味だとは思わなかった。至って普通。むしろ、美味しいフルーツを厳選して使っているのであれば、そのまま食べた方が美味しいかもしれない。フルーツでカクテルを作る以上、そのものよりも美味しいと思わせなければ、僕はあまり価値を見いだせない。
77,00004,BAR オーパ 銀座,銀座一丁目駅 80m / バー,3.88,82,2月初旬岩戸の後にバー・オーパへ。スタアバーの向かいなのですね。平日の8時前ですがカウンター席はほぼ埋まっています。数席空いている所に滑り込み。木目柄のカウンターを中心にバーらしい雰囲気を醸し出しているバーですね。バックバーも立派です。カウンター内には黒ジャケットのバーテンダーさんを中心に計3名のバーテンダーさん。こちらは皆さん名手とか。◇ジントニックお通しは薄めのガーリックトースト。うまい。ジントニックはバランスの良い出来。丁度良い感じの味で美味しいですね。◇バラライカ100回前後振るハードシェイク。辛口、酸味のバランス良し。軽やか。さすが美味いです。◇サイドカーこれも軽やかな印象。たくさん振るからなのかな？軽やかで実に美味しい。もちろん素晴らしいバランス。チェックしてみると、え?マジ銀座価格ですかぁ⁈というお値段。美味しかったのに。ありがたいです。いや～良い店ですね～。今まで来なかったのは失敗だったかな。今後は時々寄らせてもらいますね。どうもご馳走様でした。
78,00004,BAR オーパ 銀座,銀座一丁目駅 80m / バー,3.88,82,2015年11月「天ぷら深町」での食事の後にお伺いしました。銀座1丁目界隈だといつも「スターバーギンザ」ばかりなので、今回は違うお店というリクエストがありこちらのお店にしました。並木通りの歩道から直接地下に向う階段を降り、扉を開けて店内へ。店内は入ると直ぐに11席ほどのカウンター席があり、カウンター席の後ろの壁際に2人掛けテーブルと奥にもテーブル席がありました。店内はほぼ満席の状態でしたが、運良くカウンター席が2席だけ空いているようで、そのカウンター中央の席に案内されました。サービスはオーナーバーテンダーの田端さんと女性バーテンダーの白川さんともう一人女性の3人体制でした。この夜は白川さんが対応してくれました。早速私は「ギムレット」、お連れした方は「マティーニ」を注文しました。白川さんのシェイクする所作を身目ていると安心感と期待感が溢れてきます。安定したしっかりしたシェイクする立姿を見ていると前週の四谷のBARの悪夢が払拭されます。あぁ、やはり見ただけでもわかる部分もあるんだなと思いながら今宵の幸運に感謝です。そして、期待通り本物のプロが作る美味しい「ギムレット」でした。2杯目は「ジャクローズ」これもなかなか美味しい一杯でした。美味しいジャクローズって水っぽくなく酸味もしっかりして呆けたテイストにはなっていませんでした。後でお話をお伺いするとバーテンドレス白川さんは、コンクールでも色々と賞を取られているそうで、バーテンダーの前は浅草で人力車を引いていたという想像も出来ない経歴の持ち主でした。シェイクする姿がどっしり安定感があるはずです。（笑）次回は田端さんに振って貰うと思いますが、こちらのお店ならどちらの方に作って頂いても間違いないと思いました。ガヤガヤと騒がしさもありますが、気軽に美味しいカクテルを楽しめるなかなか良いお店に巡り会えたと思います。門前仲町にも支店があるので、そちらもお伺いしたいですね。
79,00004,BAR オーパ 銀座,銀座一丁目駅 80m / バー,3.88,82,■場所銀山一丁目駅、有楽町駅から徒歩3分。外堀通りから有楽橋交差点を入ります。もしくは銀座一丁目交差点から外堀通りの方に抜けるように入って中ほど、地下にお店があります。■雰囲気銀座の名店オーパ、大槻氏のもと腕を磨き独立された方はたくさんいらっしゃいますね。フォーシーズンズさんや門前仲町店ご出身ですが私の大好きな赤坂のティアレさんなど現在活躍されている方々を聞くだけで大槻氏の偉大さが分かりますね。お店は狭い階段を下りると秘密の地下室のような木やコンクリートが混ざったような雰囲気。固くなくて楽しみやすそう。外国人の方もいらっしゃいました。■頂いたものバカラのアルルカングラスで頂く大槻氏オリジナルのジントニック。現在はそのレシピを引き継いだスタッフの皆様が作ってくださいます。美味しい。カンタービレという店長田畑氏オリジナルのカクテル、見た目もピンク色で可愛らしく、パッションフルーツが心地よく非常に飲みやすい。さすがNBA技能大会総合優勝カクテル。ギムレットなど他のスタンダードも美味しいですが、日本酒をカクテルで楽しむということにもチャレンジなされていてこれも美味しかったです。ティアレの水澤氏を筆頭に日本酒をバーで楽しめるようにとの活動をされているとかで、良いなーと。また女性バーテンダー白川氏も2014年競技会で好成績だったとか。皆さんの受賞の話を伺っていると、立ち上げた方が去ってもバーテンダーさんが受け継いでいくのだなーと感慨深くなりますね。■サービス銀座らしいスマートで心地よいサービスです。それでいてどこか気楽に楽しめる雰囲気が良いですね。酔っ払いの話にも快く付き合ってくださいます。席の関係上大人数では厳しそうです。一人や二人でカウンターで楽しみたいですね。また伺います。
80,00005,BAR 保志,銀座駅 281m / バー,3.87,173,"【食べログ 2020 TOP 1000】【食べログ 東京×バー 第2位】(投稿時)銀座6丁目の 同じビル内だけでも『BAR保志』さんは 4フロア入っています8階『BAR保志 本店』9階『BAR保志 No.9』ここだけ禁煙2階『BAR保志 IRIS』5階『BAR保志 AL CAPONE』その他にも 銀座に2店舗栃木と福島にも 各1店舗づつ 系列店がありそのトップに君臨するのが 保志氏銀座で最も成功を収めた バーテンダーとも言われていますもちろん実績も 十分過ぎるほどで日本の大会のみならず アジア大会世界の大会までも 全て優勝経験者ですそんな 保志氏は 現在銀座社交料飲協会という 銀座の飲食店協会の 会長なので記念日等でしか カウンターには立たれていないそうですこちらの本店は 今年の七夕で16周年になります5回目の再訪ですが 今回は珍しく コロナの影響で 外国人客がいませんまずは 【ビシソワーズ】が提供され 胃をリセット【マルガリータ】シェイク ショートカクテルテキーラはクエルボ1800 ANEJO を使用ストレートのテキーラと全く違う顔になる マルガリータはやはり 旨い♪【マティーニ】ステア ショートカクテルジンは タンカレーNo.10を 使用しているので香りが立ちます♪カクテルグラスに添えられているオリーブとは 別でカシューナッツ&オリーブが 付いてきます計算された マリアージュは面白い♪【ネグローニ】ステア ロック本来はジン、カンパリ、スウィートベルモットをステアする カクテルですスウィートベルモットの代わりにビターリキュールを 使用していて個性的に仕上げた 一杯♪【ジンライム】ビルド ロックジンは 一時期ハマったドイツのシュタインヘイガーを 指定このジンはよく出ます？ と聞いたらあんまり出ません！…お酒の好みも 千差満別ですね【ザ・アラン】ストレート  半ショットアイランズモルト・シングルカスク ワンショットでの オーダーですが残りが少なく ワンショットに足りないので半ショットでの提供私が シェリーフィニッシュ 好きなのでこちらをオーダーシェリーフィニッシュで 仕上げてあるので特有の ウィスキーボンボンのような 甘いイイ香り♪飲んでから 思い出しましたがアルコール度数が 58,7°です(^o^;)そろそろ混んできたのでお会計を お願いすると梅昆布茶 or 緑茶を 提供されますよバーテンダーは 20～30代の若い方ですが皆さん 積極的にコミュニケーションをとってくれますお一人様でも 女性でも 居心地良く 過ごせるはずですよ♪お会計は 1万円ちょっとですまた再訪します(^o^)/"
81,00005,BAR 保志,銀座駅 281m / バー,3.87,173,休日の銀座は人が多いな〜ってことでオープン直の保志に避難ε≡≡ﾍ( ´Д`)ﾉ遅い時間は満席も多々ありますが早い時間はゆったり。今月既に2回目なのにボージョレーの営業もかけられてしまったよ(笑)手作りハムとワインは樽買いなんて魅力的でしょ!!!!この日はがっつり食べました(笑)バー飯、美味しかったです。クレソンのサラダは自家製ドレッシングにスパイスも入っていてお酒に会う！オーナー保志さんが会津若松出身とあって会津産の馬刺し♡地元じゃお馴染みのお味噌もついてきます。部位は赤身とレバー。チキンライスはよくも器用に作ったなってくらい量少なっ！笑けどトマトの酸味も控えめで白胡椒…かな…ガッツリイメージな炭水化物メニューも酒に合うように出来てます。デミソースがこっくり濃厚なハンバーグも旨っ(๑´ڡ`๑)♡食材、処理、と拘ってるし美味しいんですが量考えるとちょいとばかしお高いのよね〜(苦笑)あくまでもお酒のお供に1、2品ですね(^_^;)静かにご飯食べられたから良かったけど。この日はパイナップルのカクテルからの〜バーテンが監修して造られた、カクテルにも使用しやすい、用は飲みやすいウイスキーをいただきました。
82,00005,BAR 保志,銀座駅 281m / バー,3.87,173,初訪9Fから移動してきました...入店1625、先客は常連と思われる3名様。店舗の雰囲気は9Fと似ており若干カジュアルですが、桜が生けてあったりとゴージャス感が増します。L字カウンター：12-13席の設定を男性3名体制。常連様の会話をダンボにして聞いてますと、最近、店長が代わったような...頂いたのは、ダイキリ（ラムベース）。・所作は現役バリバリの競技仕様。全国大会クラスとおもわれます。名門バーの店長ですからね。・シェイクで砕かれた氷がグラスの表面を覆い、久し振りに頂くと、カクテルとしての美しさを気付かされます。・味の方は普段飲まないので省略。名門Barは、レジェンドテンダーとの世代交代が課題となりますが、新店長にも頑張って欲しいものです。「役（タイトル）が人を作る（育てる）」という言葉がありますが、保志グループは各店舗の規模を抑える（テンダーと客との距離感が保てる）事で多店舗展開し、有望なテンダーの育成を計っているように感じます。2Fの系列店を勧められてしまい移動です...
83,00005,BAR 保志,銀座駅 281m / バー,3.87,173,食事のあとは、せっかく銀座まで来たのでバーに行きます。今宵行くのは前から行ってみたかった銀座でもトップクラスのバー「バー保志」。ちょっと早い時間だったので、先客は一人とすいていました。銀座東急プラザ近くのビルの８階にあるのですが、同じビル内に系列店が４店舗もあります。すごいですね。店内はオーセンティックなバーらしくカウンター席がメインで、窓際に２卓ほどテーブル席もあります。カウンター席は前も横も透明パネルで仕切られていて、苦労の程が伺えます。お通しはコーンスープです。寒い季節には体が温まっていいですね。１杯目「ギムレット」しっかりシェイクして出てきたのがこちら。表面にはうっすら氷が浮いて綺麗です。見た目通りすっきりした味わいです。２杯目「ジャックローズ」今はフレッシュなザクロがあるとのことで、生ザクロで作ってもらいました。（ピントが背景に合ってしまいピンボケです）。フレッシュなので飲む前から香りがすごく豊かです。しっかり自然な酸味もあって美味しいです。３杯目「マンハッタン」ウイスキーベースなのでお酒感は強いけど、意外とまろやかな味わい。しっかり味わって、ややゆっくり飲むとちょうどいい。以上３杯で締めて、お会計は約８０００円。それなりにしますが、銀座の一流のバーなので、妥当な金額だと思います。僕ごときでは、なかなか来られませんが、このようなバーに似合う男になりたいものです。
84,00005,BAR 保志,銀座駅 281m / バー,3.87,173,日比谷でシースーの後に立ち寄りました。銀座で高評価のバー歩いて近かったこともありきてみました。場所は大好きな肉屋田中のすぐ近く。ここのお店は同じビルに4フロアほどかりていてどっかしらのフロアには入れる便利なお店。儲かってますね(笑)店内は暗めの空間でいい感じ。店員さんは白スーツで。お通しはスナックとスープ。スープは最初にくいっと体にしみわたるーここはフルーツカクテルが推しだそうで土のフルーツか選べるように簡単なメニューがあります。キンカン、キウイのフルーツカクテルと保志のオリジナルカクテル　サカマパティーニを頂きました。サカマパティーニは樽で寝かせたラム酒とバーボンを合わせたもので渋めのお酒でした、やっぱりフルーツカクテルが美味しかった。最後に飲んだキウイのカクテルは体にすごく良さそう。お酒のんでるってよりはスムージー飲んでる気分。こういうお酒たまにはいいねｗ銀座でフルーツカクテル飲むならここですね。美味しかったですごちそうさまでした( *´艸｀)
85,00005,BAR 保志,銀座駅 281m / バー,3.87,173,2019年盛夏懇親会終わって皆さん銀座の煌びやかな夜に流れて行ったが仕事中洲以外で蝶々行くのも面倒になり皆さんの背中見つつ角で曲がって離脱ｗｗ今日もゆるりとカウンターで琥珀傾けたいね♪夏の定番『ミント・ジュレップ』様から琥珀嗜んでからの『サイドカー』様って毎度のパターンだけどコレが一番落ち着く・・・・・・銀座帝国大学はめでたく卒業ｗｗ
86,00005,BAR 保志,銀座駅 281m / バー,3.87,173,結論から言うとまた再訪するかなというお店常連である上司にお願いして連れてきて頂きました注文はブラッディマリー、イチゴのカクテルの二種ブラッディマリーは、塩多め、辛めという上司のオーダーを真似て同じものを自分はソルティドックからいつもなら入りますが、こちらのブラッディマリーも塩が効いていて、パリッとします。フレッシュなフルーツトマトを使っているので甘味、コクもしっかりとあり、飲みごたえがあります目の前でイチゴのカクテルを作っていて気になっていたので、次の注文はそちらをフレッシュのイチゴを使っているのはもちろんですが、リキュールの合わせ、ダイスカットのイチゴの使い方などが絶妙です。飲み口もよくスイスイ飲めてしまうのですが、このままのペースだと危ないw店内の雰囲気は店長の人柄でしょうか、すごくラフに楽しめる空間が広がっています肩肘張らずに美味しいカクテルを楽しむことが出来るBarは貴重だなと思いますが、流石の保志さんという感じでした
87,00005,BAR 保志,銀座駅 281m / バー,3.87,173,銀座の小さな焼鳥屋で一杯呑んだ後の〆の一杯をいただきに向かうのは、銀座のバーの中でも名高い保志です。歩きながら電話を入れて席を確保して、小さなエレベーターで上がって扉が開いた瞬間にお出迎えされるのは気分が良いものです。アミューズのデミタスカップのスープをいただきながら、何を呑もうか考えているとカウンターの上にジャパニーズクラフトジンのROKUが目に止まる。「このジンでマティーニを作ってください」とお願いして出来たのが写真のマティーニです。ボトルのラベルに書かれた説明によると、伝統的なジンのボタニカルに加えて、桜花、桜葉、煎茶、玉露、山椒、柚子の日本独自の6種のボタニカルを、それぞれの特長に合わせた製法で蒸溜してバランス良くブレンドしたとの事です。桜の香りに柚子の爽やかさが最初に感じられ、後から山椒のスパイシーさが感じられる。スタンダードなカクテルも良いが、たまには珍しいクラフトジンで飲むのもいいものです。
88,00005,BAR 保志,銀座駅 281m / バー,3.87,173,銀座にあるバー、BAR保志。ここがメインだと思いますが、同ビル内にも保志の店舗がいくつか入っています。銀座で超予約困難な中華を食べた後に、軽く飲もうということでやって来ました。事前に電話をしてもらい、席を予約。エレベーターを上がってお店に入ると、我々で丁度満席に。有名なので前々から一度伺おうとは思っていましたが、やはり人気ですね。テーブルに着き、最初に出されたのはコーンポタージュ。飲んだ後やこれから飲む人への優しい気づかい。ヴェスパーマティーニオリーブ2つにレモンの皮心地よい刺激を生み出すカクテルです。続いてラムベースのマティーニ甘味や風味が強い。世界一になったカクテルや日本一になったカクテルもあります。クレジットカード会社との提携で、ちょっとサービスもありますので普段飲まないようなカクテルも試してみようと思います。時間帯や曜日にもよると思いますが、女性比率が高くちょっと騒がしいくらい賑やかでした。オーセンティックですが、カジュアルに使える雰囲気です。サービス精神溢れる接客が、居心地の良さを生み出しているのでしょう。二回目の訪問は写真の追加だけ。
89,00005,BAR 保志,銀座駅 281m / バー,3.87,173,バー歩きをしていれば必ず耳にすることがある超有名店ですね。銀座に何店舗もあり、何度も足を運びました。保志さん目当てで通う人も多いですが、他のバーテンダーさんも皆さん凄腕揃いです！店内はいつも繁盛しているのでそれなりに賑わってはいますが、それは仕方ないでしょう。人気店で閑古鳥が鳴いてたらたまらんですもんねｗここではいつも好みだけ伝えてカクテルをお任せで頂きます！ちなみにできるだけオリジナルでとお願いをしますｗ（面倒くさい客ですいません）自分の中で、このお店の楽しみ方はこれが一番だなぁって思っているんです。程なくして出して頂けるお酒は毎回自分を鏡で映し出してくれてるように感じます。なんでしょうね。そんなロマンチックな気持ちにさせてくれる魔法がオリジナルカクテルにはあるような気がします（おっさんなのにすいません）保志さんには中々お目にかかれませんが、前回少しだけお話できた時に、この人は止まることがない人なんだなぁと感心しました。一流の人は心意気も一流なんですね！見習わないとと思いましたｗまた美味しいお酒が飲みたくなったら伺いますね！
90,00005,BAR 保志,銀座駅 281m / バー,3.87,173,うどんが主食の公式ブログ　http://alwaysudon.com/
91,00005,BAR 保志,銀座駅 281m / バー,3.87,173,「銀座駅」から徒歩４分位のところにある「BAR 保志」へ伺いました。「ＡＯＫＩ　ＴＯＷＥＲ」８・９階がお店になります。「銀座寿司幸本店」を目印にすればその隣のビルでした。すでにお腹はいっぱいだったのですが、少し飲みたいという気分になりお邪魔することになりました。（電話で席の確認はした方がよいです）店内は結構混んでいました。席について暫くすると牛蒡のポタージュが出されました。飲んでいる人もそうでない人も胃に優しくほっこりとした気分になりますね。まずは「マスカットモーニ」をいただきました。すっきりした飲み口にマスカットの爽やかさが際立つカクテルでした。続いて「ブラッディメアリー」をいただきました。宮城県鹿島台のデリシャスファームのジュースをつかったカクテルで胡椒などのアクセントが効いており、こちらも飲みやすかったです。次回はつまみを楽しみながらゆっくりとお酒を楽しみたいと思いました。
92,00005,BAR 保志,銀座駅 281m / バー,3.87,173,銀座で人気のバーへ（食べログトップ1000）久々に銀座の夜へ繰り出しました。実はオーセンティックなバーも大好きなのです。こちらは初訪問。毛利さんへ行こうかと思いましたがマティーニにやられてしまうなと…自主規制（笑）友人の勧めもあり、4人でコチラへ伺いました。かと言って私は一見ですから、お写真はあまり撮りませんので画像が少なくてスミマセン。オーセンティックなバーですが、店内は気取らない雰囲気。この日。先ずはビシソワーズが登場。季節感もあり美味しいです。季節のフルーツカクテルは巨峰をチョイス。シャンパーニュで作って頂きました。たまには女性らしく…チャームは乾き物。色々なスナック類でした。友人達は色々とビンテージウイスキーなどなど…たくさんwレア物も多からず少なからず置いてあるという印象。辛口の山椒のジンは衝撃的なお味。最後は昆布茶でフィニッシュ。季節感を感じられるバーでとても好きです。最後は8階でエレベータまでお見送りして頂き、1階で降りた時に同じ店員さんが居た時にはビックリでした！階段で8階からって凄くない？ご馳走さまでした。また伺います。
93,00005,BAR 保志,銀座駅 281m / バー,3.87,173,銀座で、加賀料理の、コースをいただいた後に日本酒で酔ってしまった。でも最後に、一杯だけバーになんか最後は落ち着いたお店で、〆を頂くのって贅沢な感じがする。もちろん今回の、お食事は個室でしっぽりだったんだけど(^-^)こちらは初めて入りました。お連れ様は、何回も訪問済み私達が入ったときは１組のカップルだけでした。静かにいただいてる感じ段々とひっきりなしにお客様がいらして、あっという間に満席私達はフルーツカクテルをいただきました。こちらも優秀なバーテンダーさんがいるようです。旬のスイカのカクテルと桃のカクテルをその前に温かいスープがでました酔ってしまった私にはホッとするスープスイカのカクテルは結構な、量のスイカを使う。それを潰して越してウォッカでスイカ感あるカクテル まさにフルーツって感じ桃のカクテルはももの甘味にシャンパンでシュワシュワ感ある美味しいカクテルです。スナック は、チートスの小さいバージョンみたいな、グリーンピース揚げてあるようなちょっとしたつまみも来ました。ゆっくり一杯を会話楽しみながら時間を過ごすこの時間も贅沢な感じ最後は温かいお茶根昆布茶を出してくれます。至りにつくせり 心地よいお店です。本当素敵なバーでした。又連れてきてね(*^▽^*)
94,00005,BAR 保志,銀座駅 281m / バー,3.87,173,銀座のバーは、世界でも一流のバーテンダーが数多くいらっしゃいます。その中でも、こちらの「bar保志」を知らなければモグリと言われてしまうでしょう。もちろんこちらのオーナーさんは、お店には出られておりませんでしたが、お弟子さん達のクオリティが中々素晴らしいです♫さて、夜景の見える落ち着いた店内。少々思っていたより店内は広くありません。こんな都会の超一等地ならば、それは仕方のない事なのかな？とはいえ、カウンター席もテーブル席も満席です。いわば、「銀座バーの観光地」なのでしょうね〜チャームは、じゃがいもの冷製スープとグリンピース豆菓子。カウンターに座り、まず最初はショートカクテルのホワイトレディをオーダー♫ジン、キュラソー、レモンのシンプルなカクテル。私はカクテルでの微妙に勝つ酸味が苦手なので、そこが一番のポイントとなります。ホワイトレディは何百回と飲んだお酒。こちらのホワイトレディは、少し酸味あり寄りでしたが、ギリセーフ。名店だけに、私も他店ではしないぐらいシビアに見てしまいます。もちろんながら、所作は素晴らしいです♫シェイクも美しく、毅然とした立ち振る舞いも素晴らしい♫ま、味は好みですからね〜だからと言って、ショートカクテルがオーバーシェイクで薄い訳でもありません。カクテルは完璧です！お次は、マンゴーのフレッシュフローズンカクテル。このクオリティには、さすが！と言わざるを得ない完成度♫速度、見た目、味、どれをとっても良かったです♫お客さんの層は間違いなく富裕層なんだろうね〜♫この二杯で7000千円足らずくらい。周りのお客さん達が、カパカパ飲んでるって事は、、。いいなぁ〜私もここで懐を気にせず飲める様になりたいもんだ。ご馳走さまでした♫
95,00005,BAR 保志,銀座駅 281m / バー,3.87,173,"私、たいして飲めないので、バーについて語る資格は無いのですが・・・三大系統というのがあるそうで、「TENDER」の上田氏、「毛利」の毛利氏、そして「BAR保志」の保志氏という三人の伝説のバーテンダーさんがいらっしゃって（皆さん現役）、ここから素晴らしいバーテンダーさんが巣立って行っているそうです。私、「TENDER」は未訪問なのですが（恐れ多くて、アルコール弱めで・・・とか言えない）、系統の代々木上原「カエサリオン」、神楽坂「サンルーカルバー」、大門「カディスバー」、博多「バーオスカー」には行ったことがあります。毛利氏系統では、銀座「Y&MBarKISLING」はブログにアップしております。http://tomosan63.blog.jp/archives/11951237.htmlようやく保志氏系統に行けました。こちらが本店で、同じビル内に他に２店舗、そして同じ銀座内にもいくつかあるようです。日曜日だったからか、残念ながら保志氏はいらっしゃいませんでした。（銀座で日曜日に営業しているバーというのも貴重ですよね。）フルーツカクテルメニューが充実！スイカ（ジン）桃（シャンパン）なんと、白桃まるごと一個と黄桃も使っていました。美味しすぎて一気飲みしてしまいました・・・。ただし、銀座価格です！二人で５杯飲んで、15,000円でした・・・。やはり私には猫に小判ですね・・・。使ったお金：二人で15,000円（５杯）点数：４点５点：　ぜひ再訪したい！！４点：　機会があれば再訪したい！３点：　再訪してもよい。２点：　一度行けばよいかな。１点：　行く必要無し。"
96,00005,BAR 保志,銀座駅 281m / バー,3.87,173,この日は新橋の焼き肉屋さんで会食をしてから24時頃保志さんへ。遅い時間であったため、3名でしたが入れました。しかし、その後10分くらいで満席に。さすが人気店！お通しのスープの後、日向夏のフルーツカクテルをオーダー。非常に爽やかで飲み口の良い出来です。あっという間に飲み干してしまい、同じく甘めのミスティアを使ったカクテルをオーダー。これも爽やかで美味しい。軽くて甘いカクテルが続いたので、最後にマティーニでしめました。カクテルも良かったですが、スタッフさんたちも気さくで雰囲気がすごく良いですね。ただ、はじの方に5〜6名のお客さんが王様ゲームをやっていて、その方たちのあまりの空気の読めなさに閉口でした。そういうのはコリドー街の大衆店でやって欲しいですよね。。。訪問した次の日(H29年4月16日)が第44回全国バーテンダー技能競技関東統括本部大会ということで、店内で常連のお客さんが応援に行くとの話をしていました。保志さんは、2001年インターナショナル・バーテンダーズ・コンペティション・ジャパン・カップで総合優勝している名店。今回は木村さんと小山さんが出場するとのこと。頑張って欲しいです。8階のお店を出ると、エレベーターで見送ってくれたと思ったら1階でドアが開いてまたお出迎えしてくれるというサプライズ。こういうおもてなしって嬉しいですね。
97,00005,BAR 保志,銀座駅 281m / バー,3.87,173,!!(」￣□)」夜の銀座を楽しむのよ～まだ飲み足りない…それに、話もつきませんわ。で、銀座で有名なこちら。◎店内　お店が入ってるビルには、こちら以外にも　2店舗入っています。　各店舗、雰囲気が違うようですね。　磨き上げたボトルが素晴らしいバックバー。　重厚感のある老舗BARらしい趣きです。　でも、敷居は高くなく素人から玄人まで　心地よく寛げそうな雰囲気。◎接客　まさに、接客のプロです。　間も良く距離感が絶妙ですね。　居心地が良いって、こういうことかと。　長居するのは野暮ですが･･･　素敵な時間を過ごせました。　ちなみに･･･　この日、保志さんはご不在でした。　なかなか会えない方のようですね。◼︎スープ　お酒の前に温かいスープを出してくれます。　身体を温めてから飲んで欲しいと言う　お店からの優しいサービス。◼︎Ron Zacapa　いつ飲んでも、安定の美味しさです。　って、最近こればっかり飲んでます^^;　他のラムに、ちょこちょこっと浮気しますが…　結局、ここに戻ってくるの♡◼︎〆昆布茶　お酒で冷えた身体を温めてから帰宅の途へ。　きっと、翌日の目覚め方がちがってくるような　気がしますね。この後も、違うお店に飲みに行くので昆布茶は次回のお楽しみです。お店の方が、わざわざ一階まで一緒に降りてそしてお見送りしてくれますよ。ごちそうさまでしたヽ(^o^)丿------------------------------------------店名:BAR 保志場所:東京都中央区銀座6-3-7     AOKI TOWER 8F営業:平日18:00～翌3:00     土日18:00～翌1:00定休:年始※クレジットカード可https://tabelog.com/tokyo/A1301/A130101/13007819/
98,00005,BAR 保志,銀座駅 281m / バー,3.87,173,二回目の訪問。相変わらずここはバーテンダーさんとの会話が楽しい！カクテルは言わずもがなどれもハイレベルでした。一杯目　サカパマティーニお気に入りのカクテルです。ロンサカパはそのままストレートで飲んでも十分美味しいですが、このサカパマティーニはより高い次元へと昇華しています。二杯目　季の美のジンリッキー季の美を使ったカクテルが飲みたいとお願いしたところ、こちらのカクテルになりました。芳醇な柑橘のアロマを損なわぬようライムは香りづけをするだけ、トニックではなくソーダでジンリッキーに。香りの良さに驚きました。三杯目　サイドカーめちゃくちゃ美味かったです。フレークがたくさん。最高でした。またもや非常に楽しい時間となりました。友人も大満足。しかしチャージ料1500円、サービス料20％はやはり高い(つд⊂)自分へのご褒美として年に数回行ければ私は充分です笑ごちそうさまでした！
99,00005,BAR 保志,銀座駅 281m / バー,3.87,173,2017 2月初旬知人と食事会の後に二次会で来店。名前は、何度も聞いたことがある有名店です。銀座のオーセンティックと一般的に称されるバーにあまり行く機会がない私は、久しぶりにテンションが上がりました。場所は、銀座の外堀通りを少し入ったところにあります。店内は、想像していたより明るく1人でも入れるような、アットホームな雰囲気です。店員の方々も、紳士的かつ気さくな対応で有名店ならではの、妙な緊張感を抱く必要が全くない居心地の良さが抜群の上質空間です。注意は、以下の通りまずは、おすすめの季節のフルーツカクテルキウイを使ったカクテルキウイの酸味と甘みが程よく混ざり合い、お酒の味もしっかりする、本格的な一杯に仕上がっています。ジントニックこういったバーでは、必ずオーダーするカクテルです。氷の大きさ、炭酸とトニックウォーターの配分など、こだわりがスマートに注入されています。ダイキリ店員の方が、一般的なものより少し甘めに作っていますと…。その甘さが私でも感じ取ることができました。それだけで、ちょっぴり大人になった気分にさせてくださいます。流石‼️ トークも抜かりなし‼️マルガリータ当店のマルガリータは、テキーラをシルバーではなくゴールドでお作りしてますと…。それは、飲んだことないな〜、じぁ〜それを一杯下さいと…。完全に、バーテンダーさんのペースです。しかし、全く嫌味がなく楽しい時間だけが流れています。味は、アルコールと香りの力強さの中に何だかもう一杯お替りしたくなるクセになる感じが最高です。総合的に、とにかくカクテルが美味しいです。そして、バーテンダーの方々の身のこなし、トーク、サービス精神が洗練されています。こういうのを、贅沢というのでしょう。絶対また来店させていただきます。ごちそう様でした♪
100,00006,MORI BAR,銀座駅 300m / バー,3.85,75,"おそらく１０年ぶりぐらいで伺ったのだと思います。旧店名が「Y&M Bar KISLING」 MとKISLINGは察しがつくとして、Yはその昔こちらに吉田貢（故人）さんと言うバーテンダーさんがおられました。ちょっと大きめのグラスで出すマティーニを何度か頂いた事がありました。当時のお店に伺うきっかけはある方から吉田さんのマティーニを頂いてはとの助言を頂いた事でした。その他では当時建替えで取り壊しが決まっていたパレスホテルのメインバー、私の住む近辺では上野の「琥珀」などもご紹介頂き伺わせて頂きました。因みにその方と以前の毛利バーにも伺っています。今も年に一度くらい連絡を頂いて、タイミングが合えばその時々のバーでご一緒させて頂いています。実はこのビルの他の階のお店にその昔よく通っていたのですが、今は昔ですね。緊急事態宣言が明け、久しぶりに銀座まで来ましたが、ちょっとずつ活気が戻ってきているような気がしましたが…ご馳走さまでした。￣￣￣￣￣￣￣￣￣￣￣￣￣￣￣￣￣￣￣￣￣￣￣￣頂いたもの◉マティーニ　合計（税込み）3,800円　　ー 以上 ー"
101,00006,MORI BAR,銀座駅 300m / バー,3.85,75,初訪一軒目に訪問した「サンルーカルバー」の2杯目にマティーニを頂いたので、マティーニが代名詞となっている此方をノリで訪問するという豪華なハシゴ...関西でしたら、京都：カルバドール↔︎ロッキングチェア神戸：ル•サロン↔︎ラグナのような豪華リレーとなってしまいます...入店1600、先客無し。店舗に入って、まず目に入るのが金ピカの表札+王監督とマスターの写真...大阪の焼肉屋さんのようで、バーとしては？？？です...重厚感のある店内は、変型L字カウンター：15-16席、テーブル：4席x4 の設定を男性テンダーさん4名体制。早い時間帯という事もあり、勿論マスターは不在。何処でもどうぞ~との事でしたのでカウンター中央部へ着席。頂いたのは、・マティーニ・ジントニック3-4番手？のテンダーさんに対応頂きました。呑んだ所感は、【マティーニ】・メジャー（計量）カップをご使用になってからのステア。熟練のテンダーさんですと、目分量でグラスの表面張力スレスレに入れてきます...・ステアはかなり丁寧で1分位。・ジンは「季の美」という国産クラフトジンの「毛利」仕様との...流石です。・味は「サンルーカルバー」のマティーニとの比較で、口当たりがマイルドに感じ好みではあります。ショートカクテルながら、女性ウケしそうです。・グラスはフットプレートの周りにギザギザが入っている特別仕様？こんなグラス見たことありません...【ジントニック】スッキリしたかったので頂きました。違いが分かるような繊細な舌は持ち合わせておりませんので、詳細省略。退店1705、残1名様。お会計は銀座では標準的で5.9千円。ジントニックを頂く迄、独り貸切りで贅沢な時間を過ごさせて頂きました...感謝、感謝。
102,00006,MORI BAR,銀座駅 300m / バー,3.85,75,twitter ID :  jigenace777Instagram ID : jigenace777 久しぶりにMORI BARへ。　無垢のオークを惜しみなくふんだんに使用したシックかつ豪華な店内は、「銀座らしい」という表現にぴったりです。当店は、店内のバックバー中央にモイーズキースリングの少女の絵が飾られ、店名を「Y&M Bar kisling」としてオープンしました。Y&Mは、吉田&毛利の頭文字です。当店の前オーナーが「銀座に来た時にゆっくりできるバーを造りたい」という一言に、毛利さんが即乗りしてオーナーを夢を叶えた一軒です。2004年のことです。2020年。この度、毛利さんが実質的オーナーとなり、以前の地を引き上げ、当店を「MOR IBAR」店名を変え、毛利さんの本拠地としました。◆マティーニベースはヴードルです。4オンスグラスにたっぷりと注いでくれます。◆お通しコンソメ、乾き物移転前のモーリバーは開店当時に伺っているので、すでに何十年も経っています。セカンドとして毛利さんを支えてきた渡辺君、貫禄出ましたねぇ。(≧∀≦)
103,00006,MORI BAR,銀座駅 300m / バー,3.85,75,Y&M KislingのMは毛利さんのM。旧毛利バーが閉まると聞いたときは寂しく泣いちゃいましたが、新生MORI BAR、素敵なバーになっていました。絵画もそのままの居抜きですが入り口には新しく作った金色の「毛利」の表札があり、王さんのバットが飾る場所困ったんだろうなぁと思わざるを得ない位置に飾ってあったり、何よりY&M Kisling時代には美しく何もなかったカウンターが毛利バーらしく賑やかになっているのがまた、いい。お店を出るときに「感謝」と書が飾られているのもこれぞMORI BARでした。この店は確かに間違いなくMORI BARですね。席数も増えたのでバーテンダーの数も増え旧毛利バーではお見かけしたことのない方も２名ほど。皆さんバーテンダーとしても経験が長く、メイキングもされていました。毛利さんは早い時間はもう一店舗のグランにいらして、MORI BARへは22時以降にいらっしゃることが多いとか。新しいMORI BARの幕開け。やっと伺えて嬉しく、これからもまた伺いたいです。引き続きよろしくお願いします！（ちなみに食べログ上ではY&M Kisling時代のレビューも引き継いでしまっていますが、まったく別のお店なので2020年4月以前のレビューは参考になりませんのでご注意です。）
104,00006,MORI BAR,銀座駅 300m / バー,3.85,75,４月より移転していたニュースはネットで確認していたが、場所が変わってからの初訪問。とは言ってもY&Mキスリング時代には何度か伺っていたので初訪というわけでもなく、毛利さん始め毛利バーのおなじみメンバーなので「お久しぶりです」と挨拶を交わす。最近バーにハマっているというお嬢さんをお連れしての２人訪問だが、毛利さんオリジナルを勉強してきたようで、毛利カクテルブックより、マティーニではなく”wasurenagusa”を希望。毛利さんいらっしゃったが、既に酔っていたようで、毛利がシェイカー振れないけど良いですか？と念押しされ、それでも良いのでウォッカとグレープフルーツジュースなどのwasurenagusaを。毛利さんが酔っているのは、いつものことなので、気にも止めず、カクテル大会とばかり、モスコーミュール、グラスホッパー、メアリーピックフォードなどをいただく。もう一店、MORI BAR GRANが東銀座の方にあるようなので、そちらにも伺おうと想う。
105,00006,MORI BAR,銀座駅 300m / バー,3.85,75,【食べログ 2020 TOP 1000】【食べログ 東京×バー 第2位】(投稿時)銀座7丁目にある オーセンティックバー『毛利』とは 毛利隆雄氏のことで国内外で 数々の受賞歴あり『マティーニの毛利』の異名を持つ毛利氏の元から 巣立ったバーテンダーは全国各地に いらっしゃいます胃に優しい『バーで突き出しのスープ』を始めたのも毛利氏と 言われております吉田貢氏と立ち上げた 旧店名『Y&Mバー キスリング』から 名を変え『毛利バー』となっており2020年より バー文化を広めようと同じく銀座にて『MORI BAR GRAN』もスタートし 2店に分かれて営業中ですカウンターに着席するとエコール・ド・パリを代表する巨匠『モイズ・キリング氏』の絵画が圧倒的な存在感を 放っています【コンソメスープ】突き出し【ハバナマティーニ】ステア ロック本来はジンベースのマティーニですが毛利氏考案の ラムベースのマティーニラムは ハバナクラブ7年を使用シェリー酒が加わり ステアしロックグラスで 並々と提供普段飲むマティーニとは 全くの別物ですがスッキリと 爽やかな ハバナマティーニ一杯の量も 通常の倍くらいあり度数も強いので 注意して下さい【マティーニ】毛利氏が ジンを作るところから監修したマティーニのためだけのジンを使用瓶には『季の美 毛利』の文字があります季の美は 日本のクラフトジンで最近では アチコチで見かけますが名前入りの季の美は 初めて見ましたこちらは 正統派のマティーニで辛口で キリッと仕上がっていますお会計は ¥6380最近の毛利氏は 両店を言ったり来たりですが『MORI BAR GRAN』に要ることのほうが多いようですよ
106,00006,MORI BAR,銀座駅 300m / バー,3.85,75,マティーニの名手と呼ばれた吉田さんのマティーニを味わうことが出来なくなって心残りでしたが、銀座七丁目の寿司屋の後に最後に一杯だけカクテルを飲もうと吉田さんの名前を冠したY&Mキースリングに向かいました。キースリングの絵が飾られたバックバーに並ぶボトルやグラスを眺められる中央のカウンター席が空いていてラッキーでした。お目当てのマティーニをオーダーすると、白いジャケットのベテランバーテンダーの静かで流れるようなステアで整えられたマティーニはオリーブを別皿で添えてくれるので飲みやすいし、オリーブの香りを好きな加減で楽しめるから有り難い。チャームはドライフルーツなので、こういうカクテルには合いました。大きなグラスから溢れそうなくらいの量があるので、一杯飲んだら結構回ってきたのでお開きにしました。つぎはあまり飲まないうちに来てバーテンダーのお話も伺いながら、ゆっくり味わうようにしましょう。
107,00006,MORI BAR,銀座駅 300m / バー,3.85,75,"銀座にはいくつか巨匠の店と言われるオーセンティックなバーがあるが、先日、そのひとつをたまたま訪問する機会に恵まれた。銀座7丁目にある「ワイ アンド エム バー・キスリング 」である。本来であれば、その名前を聞いただけで「シャキッ！」と背筋が伸びるはずなのだけれど当日は生憎の二軒目（呆）。しかも、日本酒を散々いただいた後ときている。エレベーターを降りた先には、先ほどまでとは全然違う「静かな空間」が待ち受けていた。ドッシリとした重厚な一枚板のカウンター、座面の厚い椅子、流れるような所作でしなやかにサーヴィスに当たるバーコートに身を包んだスタッフの方々。。。目の前には「キスリング」の赤い服を着た少女が静かに微笑んでいる。そこで初めて気づいてしまった（遅）。いま、自分がすごい場所にいるのだということに。。。酔っ払いの頭をフル回転して、以前、読んだ人様のレビューを懸命に思い出す（汗）。此方を訪れたら是非一度は飲んでみたいのが「マティーニ」とのこと。。。私もマティーニは大好きなカクテルだが、ここで飲んだら絶対に転ぶし。。。という訳で、フルーツのカクテルを所望。。。いただいたのは「スイカのカクテル」。初夏のスイカの爽やかな風味をスノースタイルがキュッと引き締める。スノースタイル（リム・ド・ソルト）の塩の結晶が酔っ払いの目にも鮮やかに映る。スイカの甘味を引き立てるのはやはり塩だ。。。お友だちは「マティーニ」。その、美しい輝くばかりの存在感にしばし圧倒される。爽やかテイストのスイカカクテルをじっくり味わった後は２杯目。「マンゴーのカクテル」（まだ飲むかーー！！）。トロッと甘くて、それでいてシャキッとした輪郭のある美味しいカクテルだ。先ほどのスイカとは対照的にドッシリとした飲み応え感がある。最初に登場した「コンソメスープ」。バーでスープをいただくのは、珍しいかも。ジンワリと濃くて美味しい。チャームはフルーツ。お支払いはさすがに銀座価格！！チャージが一人1,500円、フルーツカクテルは一杯2,600円だった。まぁ、あのお味と風格ある雰囲気、そしてキスリングの「赤い服の少女」の鑑賞代と考えたら合点もいく。が、地元のバーでは4杯いただける計算になる（比べること自体、大変、失礼な話ではあるけれど・汗）。ちなみにマティーニは1,600円。。。近々、マティーニをいただきに再訪を誓ったことは言うまでもない。「嗜む程度」にしかいただけない私の場合、銀座のオーセンティックなバーに気後れしないで伺うことができるようになるまでにはまだまだ修行が足らないようだ。ごちそうさまでした☆"
108,00006,MORI BAR,銀座駅 300m / バー,3.85,75,ハイブランドの店が立ち並ぶ銀座に店を構える「MORI BAR」さんに伺いました。2004年5月にオープンされています。アクセスは、東京メトロ銀座線・丸ノ内線・日比谷線が乗入れている銀座駅から　歩いて６分程とアクセス豊富な立地です。並木通りに面しているラヴィアーレ銀座ビル7階です。入り口の扉には、「ワイ アンド エム バー・キスリング」と表示されています。こちらは、旧店名という事です。日本を代表するバーテンダーの吉田 貢氏と毛利 隆雄氏が最初に立ち上げた時の店名らしいです。店内は、重みのあるブラウンを基調にされていて落ち着いた灯りが大人の空間を演出しています。バックカウンターには、ホワイトホースの周りにたくさんのボトルが置かれていてその下の段には、足の高いグラスがライトアップされています。また、エコール・ド・パリを代表する巨匠「モイズ・キスリング」の絵画が飾られています。福岡県八女市ご出身のオーナー毛利 隆雄氏は、バーテンダーとして日本一に輝き、加えて世界大会でも活躍されていて「マティーニの毛利」として、世間にその名を轟かせた伝説のバーテンダーです。本日いただいたカクテルです。〇コンソメスープ〇ドライフルーツ（バナナ・マンゴ―）〇オレンジのカクテル〇イチゴのカクテル噂で聞いた独特の手法で作られている「毛利マティーニ」が気になります。聞くところによると、100回ステアするといわれる逸品だそうです。次回訪れる時のための楽しみに取っておきます。また是非再訪致します。ご馳走様でした。
109,00006,MORI BAR,銀座駅 300m / バー,3.85,75,ワイ アンド エム バー・キスリングさんに夕食前に立ち寄りました。地下鉄 銀座駅より徒歩6分程度です。JR有楽町駅からも徒歩圏内です。銀座のナイトシーンは土曜、日曜の夜になると、平日とは打って変わって静かになりますね。こちらのキスリングさんは土曜も営業されている有難いバーです。ラヴィアーレ銀座ビルのエレベーターを上がった7階に店舗があります。訪れて日は、ほとんどお客さんがいませんでした。店内はカウンター、ソファ席合わせて30席ほど用意されています。老舗のオーセンティックバーといった雰囲気です。チャージが1570円掛かりますが、乾きものが付いてきます。少し高めのチャージ料により、大人のジェントルマンが集う空間となっているでしょうか。最初にすっとコンソメスープを出して頂きました。春とはいえ、まだ肌寒い夜です。身も心も温まりますね。下記のお酒をお願いしました。■イチゴのカクテルイチゴを使用したカクテルです。若干フローズンとなっており、美味しいですね。カクテルというより、むしろスイーツです。（笑）■オレンジのカクテルこちらもフレッシュフルーツを使用しています。サッパリとしたテイストです。■ハイボールスコッチのパンチとピートの効いたウイスキーでハイボールを作って下さいとリクエストしました。LAGAVULIN 16 YEARSをバーテンダーさんがチョイスして下さいました。これは確かにパンチが効いています。強烈な個性派シングルモルトです。たまりません！お客さんが少なかったので、バーテンダーさん達と銀座の夜の話しで盛上りました。夕食前にほろ酔い気分となってしまいました。平日は午前3時まで営業されているので、深夜のデートに行ってみられては如何でしょうか。銀座の恋の物語が芽生えますよ！（笑）
110,00006,MORI BAR,銀座駅 300m / バー,3.85,75,本日は銀座居酒屋一人旅。「ワイアンドエムバー・キスリング」へまずは行きましょうか。しばらくお休みに入るバーテンダーさんへのご挨拶です。カウンター席でギムレットから。ギムレットには早すぎるという意図はなく。普通に大好きなカクテルからスタートです。バーテンダーさんとちょっとだけ昔話。次は思い出のカクテルをつくっていただきましょう。「はんなり」です。バーテンダーさんが居なくなっても、カクテルは残りますからね。私もせめてカクテルだけは後世に残したいと思っております。きれいに美味しく仕上がった「はんなり」。もう味見もできない時期ですが、ぴたりと仕上がっております。昔は「落ち葉のような色」とか色彩的に厳しいものも作っておられましたが、銀座のバーテンダーになりました。最後にマティーニを。さよならにマティーニは禁物？美味しいカクテルをありがとうございました。GOOD　LUCK！「ワイアンドエムバー・キスリング（Y&MBarKISLING）」東京都中央区銀座7-5-4ラヴィアーレ銀座ビル　７Ｆ月〜金18:00〜03:00土18:00〜23:00日祝休
111,00006,MORI BAR,銀座駅 300m / バー,3.85,75,庶民なので銀座は一度とある有名バーで怖い思いをしてから避けておりましたが、こちらと保志さんはどうしても伺ってみたかったので、最悪同じ思いをする覚悟を決めて（笑）仕事が早く切りあがり、趙楊さんに伺う前にアペで寄ってみました。入口から素晴らしいエントランスで、しかし敷居が高そうな感じに昼みつつも入ってみると早い時間に伺った事もあり、先客は1名。かなり静かな雰囲気でいただけました。このあとうかがった保志さんもそうなのですが、バーに行きたいけどなれてなくて怖い、、、という方は19時以前早めの時間にお伺いされることをおすすめします。名物バーテンダーさんが出勤前だったりする事もありますが、空いて居るのでバーテンダーさんもかなり余裕があり、もてなし方もやさしいです。この日もじっくり接客していただき、ボストンクーラーと東京會舘フィズをいただき、趙楊さんに伺いました。やはりオーセンティックバーはカクテル外さないし、背筋がシャンとするのでここぞというレストランの前にははずせません。
112,00006,MORI BAR,銀座駅 300m / バー,3.85,75,Instagram (bottan222) ーーーーーーーーーーーーー2017/01　「レンゲ」に伺った後、ちょっと１杯でもと寄りました、でも、１杯では済みませんでした（笑）。
113,00006,MORI BAR,銀座駅 300m / バー,3.85,75,"Y＆MのMは「モーリバー」の毛利氏のMです。そしてお店にはキスリングの絵が飾られています。オーセンティックな素敵なバーです。フレッシュフルーツのカクテルも豊富。スイカのカクテル和梨のカクテルどちらも美味しかったです。が、１杯2,600円！チャージ入れると２杯飲んで7,000円ですよ。銀座すげー・・・。ところで、ワタクシ、豚に真珠とはまさにこのことですが、銀座「テンダー」系列のバーも、神楽坂・代々木上原・神泉・浜松町・博多と行っており、都内のバーには結構色々行っておるのです。そんなバーの耳年増的なワタクシがお薦めするバー３つ。赤坂　「Barkisala」銀座　「BARAnchor&Rudder」東銀座　「a.c.e.」（最近、会員制になったらしい？？）使ったお金：7,000円点数：３点　（誰かご馳走してくれるならいつでも。）５点：　ぜひ再訪したい！！４点：　機会があれば再訪したい！３点：　近くにいればor誘われたら再訪しても良い。２点：　一度行けば良いかな。１点：　行く必要無し。"
114,00006,MORI BAR,銀座駅 300m / バー,3.85,75,★の数ほどＢＡＲのある街､｢銀座｣(オーバー)｡その｢銀座｣で名店と言われているお店も数多くあります｡そのひとつ､ 毛利 のオーナーバーテンダー､毛利さんが関わるお店がこちらです｡｢Y&M｣の､Yは吉田貢さん｡Mは毛利さんを表しています｡吉田貢さんは､ご自身で経営されていた､｢バーよ志田｣を､建物の建替の際､閉められました｡休養中に､(ご本人は隠居だよ～と､おっしゃっていましたが～(笑)｡毛利さんからお願いされて､週に３日､交代でカウンターに立つ事になりました｡｢KISLING｣は､経営に携わる方がお好きな画家の絵をお店に飾りたいとの希望もあり､店名に加えられたと､お伺いしたことがあります｡毛利さんは､その後､本店や他のお店へ携わる事など､お忙しくなりました｡その頃､パレスホテルのご出身で､ウィンザーホテルを退任された､今井さんがカウンターに立つ事になりました｡３人それぞれが創る､｢マティーニ｣が有名ですが､私は､吉田さんの､｢會舘フィズ(モーニングフィズ)｣が好きでした｡(吉田さんは､本引退後､2014年に鬼籍に入られました)｡ 人が(バーテンダーが)､代わりながらも､お店は時間を重ねて行きます｡ 閑話休題｡ 銀座でも､夜のとばりが降りると､華やかさを増す､７丁目のビルに､こちらのお店はあります｡ビルの入口の階段を上がると､左側にエレベーターがあります｡最上階で降りまして､左へ進みますと､お店のドアがあります｡中へ入り､奥へ進みますと､右側に､少し｢くの字｣のカウンター席とバックバーがあります｡バックバーの真ん中には､店名の由来の｢KISLING｣が描いた絵が飾られています｡右側には､大･中･小のテーブル席があります｡椅子は､大き目で､革張りでゆったりと座れます｡バーテンダーさんが創られるカクテルは､美味しいです｡フードは､軽めの､お酒の｢アテ｣から食事まであります｡
115,00006,MORI BAR,銀座駅 300m / バー,3.85,75,２０１６・６・１５②銀座の老舗大衆居酒屋でまったり飲んだのち～「ワイアンドエムバーキスリング」へ☆銀座７丁目、並木通り沿いの資生堂本社ビルの並びにあるビル７階のお店。あーっと、入口撮り忘れたー(>_２００４年５月２０日にオープンした、トップ・バーテンダー２名による最強バー、銀座を代表するオーセンティックバーの１つです。Ｙは吉田氏、Ｍは毛利氏、頭文字をとってY&MBar、そしてオーナーがお気に入りであるエコール・ド・パリの代表的な画家“JOSEPHMIUSEKISLING”の名前を借りたとか。悲しいことに、“ミスター・マティーニ”と呼ばれていた吉田さんは２年前の夏、逝ってしまいました。。。。毛利さんのーのバー「毛利バー」へは３度ほど伺わせていただきました。右手にカウンター１２席。左手にテーブル１８席ほど。ダークブラウンの壁にとブラックの椅子、木目調で統一され、シックな落ち着いた雰囲気は、まさに社交バーって感じな。カウンター中央には、店名由来の絵、キスリングが画いた赤い服の少女！！そしてやはりスタッフおもてなしも良い。バー業界の重鎮２名に加え、阿部修夫さんも迎えたってんだから、まーぁすごい。格式高いながら、緊張しない、このアットホーム感・・・素晴らしい。１５００円のチャージ料＋ＴＡＸ８％、銀座のバーの相場ですね。チャーム１☆「毛利バー」や「Ｂａｒ　耳塚」、「リトルスミス」などと同じくスープ。ほっとーコンソメー（　´∀｀）チャーム２☆食べたかったのー！ドライフルーツ♪大好きなイチジクに、いちご(^^)ドリンクは１杯１５００円前後。フレッシュフルーツのカクテルは、２６００円也。マティーニの巨匠である吉田さんは亡き方となってしまいましたが、DNAを受け継いだ若手のバーテンダーさんによるマティーニ、酔う前にいかねば、やっぱりここでは・・・・“吉田　貢”と“毛利　隆雄”と“阿部　修夫”が創る究極のカクテル“ＭＡＲＴＩＮＩ”を！！！！！マティーニ☆２種のオリーブは別添え！うーまーいー！ギムレット☆うーまい！オススメのカクテルお願いします！ヴェネツィアンマティーニ☆ウォッカのマティーニです。キレイだし美味しいし。お連れさんの～會舘フィズ☆初めて飲んだ“東京會舘”発祥のカクテル、ジンフィズの東京會舘スタイル！！マッカーサー元帥も愛飲したという、いわゆる牛乳入りジンフィズ、作るのは難しいカクテルです。通常一緒にすると固まってしまうレモンと牛乳、それを混ぜてもダマにならない・・・・さすがアッパレな腕前です。そして・・・・うまい。一応見るだけ・・・・・フードメニュ～見るだけ・・・・のつもりでしたが、発見しちゃったー！！ポテトサラダ(１０００円)☆見た目華やかなポテサラ♪ごろっと芋に、ごろっと野菜やピクルス入り、おいしー！周りのサラダも美味しいー！もう少ししたら絶対食べたい、パスタもいっちゃおう。私はまたもオススメのカクテルお願いしましたー！○○ティーニじゃなくても良いですか？と、笑顔で聞かれ。もちろん！別にティーニマニアじゃないので！笑ミントの生えたｗグラスを目の前に待機。いーえい♪シャムロック☆大好きなシャルトルーズを使った、グリーンなカクテル！この薬草の香り、たまらんー！私と同じく、アイラ島のウイスキーがお連れさんの～アードベッグダーク・コーヴ☆あーこれ、この前「ＢＡＲオーパ」で飲んだヤツ！先月新発売のアードベック。しかしこちらは「毛利バー」と同じように、普通のバーと比べ、１杯の量が多いのがすっっごく嬉しい！！何が良いかな？私はもう最後まで店員さん任せ。普通は１２年が多いですが、１６年なので・・・・と。ラガヴーリン１６年☆ふげ、１６年、いつも飲んでるヤツだった。。。ちょっとショックでしたが、この雰囲気で飲むとひと味もふた味も違うのでヨシ！しかもやっぱり量多め♪ちなみに・・・ラガヴーリン１２年☆やはり１６年に比べミディアムな１２年、しかしそれまた美味しい、ラガヴーリン・・・・美味しいお酒でもこんなに幸せになれるの～ご馳走さま(o^_^o)あーーっっと、パスタ頼み忘れたー(‾□‾;)!!店員さんが帰り際に知らせてくれました(笑)、次回また！で、飯食いに？・・・・大井町へ～ε=┌(・∀・)┘
116,00006,MORI BAR,銀座駅 300m / バー,3.85,75,http://amzn.asia/1qozRiO
117,00006,MORI BAR,銀座駅 300m / バー,3.85,75,うどんが主食instagram　うどんが主食Twitterうどんが主食Facebook【再訪】やっぱここはいいですね～久々の友人と銀座で食事した後、飲み足りないのでここに連れてきてもらった。以前にテンダーで上田さん対応に失望してからバーにはほとんど行ってなかった。今回は友人達がいたので気軽に、かつ安心して飲みに来ました。店内は暗くはないのですが、調度品と光のバランスがよく雰囲気はかなりいいです。重厚感もあるのですが、反してスタッフは気さくで感じがよい。接待の２次会でも十分に使えます。お酒にうんちくのある方でも満足させられると思います。２軒目だったのでかなりいい気分で飲んだカクテルの名前はほとんど失念してしまいました。バーホッパーの間では昔から有名なおお店だと思うのですが何を注文してもスマートで美味しかったと思います。この店のおかげでバー嫌いになっていたのですが、なんだか、またバーに行きたくなるような気がします。
118,00006,MORI BAR,銀座駅 300m / バー,3.85,75,"2016-4訪問銀座にあるバーにお邪魔しました。当日、食事をした後にあまり口コミ等を確認せずに、食べログの点数（3.74）だけを頼りに行ったのが良くなかったです汗どうやら、このお店に来たらマティーニを飲まないと始まらないそうですｗｗｗ酔っていましたし、歩くのも面倒なので一番近くて点数の高いお店と言う安易な探し方で伺ってしまい大変申し訳なく思います。週末でしたので、店内は非常に賑わっておりました。カウンター席に案内されましたが、雰囲気が良く洗練された店内です。目の前にフルーツのカクテルメニューがあったので思わずそれを注文してしまいました。ラインナップは、マンゴー・すいか・デコポン・いちご・パッションフルーツ・ミックスベリー・フルーツトマト・キウイフルーツ・バナナ・びわでALL　2,600円でした。●パイナップル：　フローズン系のカクテルでした。美味しいですね♪●ミックスベリー：　こちらは連れが注文。一口頂きましたがサッパリしている中にも果実実が感じられて　爽やかな一杯でした。お通しは、ありふれていますがスープとドライフルーツ【2種】が出て来ました。1杯づつでお会計が9,000円弱でしたので銀座プライスだなぁ～とは思いましたが後で、ＨＰを見てみると有名なバーテンダーさんが曜日別で交代でお店に立っているんですね。Ｙが吉田さん、Ｍが毛利さんで両名ともにマティーニでお馴染みのバーテンさんでした。吉田さんは既に他界されており今は別の有名バーテンダーさんが代わりを勤めている様です。知らずに入ってしまい申し訳ないですｗｗｗマティーニを飲みにまた次回！"
